id,position,company_name,company_location,posted_time,applicants,key_words,misspelled_words
1811917057,INTERNATIONAL RISK HUB RISK ANTICIPATION air DATA SCIENTIST, BNP Paribas 2 , Madrid ES,6.0,25,python r aws azure tensorflow,ecai client-oriented aaai ijcai emnlp bitbucket
1807070754,Técnico soporte Big Data Madrid, Ibermática , Provincia de Madrid ES,Invalid day of week,25,impala hive hadoop,banking 23h mantenimientos boadilla telco 7-15 ibermática c1 desarrollarte aplicativos rotativos proactivos certificaciones interfaces
1779337494,Big Data Platform Technical Manager, jobleads com Careers for Senior Level Professionals , Madrid ES,Invalid day of week,25,python impala spark hive kafka hadoop cloud cloudera,kerberos resiliencia installation rto scripting ciso parcheo upgrade configuration maintenance slas environments capacity compliance hots kpis ansible aquanima iaa governance cto batch ingestas … diplomatura performing analytics bbdd back-up certificaciones
1813087491,BIG DATA DEVELOPER, Datio Big Data , Pozuelo de Alarcon Madrid España,1.0,40,python scala spark kafka hadoop java,docker ¡ imprescidible bbva jdbc conexiónes virtualización avro akkaformatos certificaciones csv maven cucumber frameworks jupyter teletrabajo intellij git ping-pong
1695513214,Data Architect, , Alcobendas Madrid España,Invalid day of week,62,spark hive sql kafka cloud sqoop etl,metodologías employer arquitecturas ideación colaborativa multidisciplinar agiles udemy aporten ¡ onesait optimización teletrabajo minsait sqlexperiencia tecnólogos profundizan algoritmia inconformistas aplicarlas thinkers telco … hdfs bbdd
1778218609,Data Scientist Analytics CRM, Ogilvy , Madrid ES,Invalid day of week,83,python tableau sql crm,analysis accionables realizables customer cuantitativos insights leads mining automoción analytics segmentación scientist predictivos learning gtb
1803918711,Data Scientist Junior Madrid, Alten Spain , Madrid ES,Invalid day of week,47,python r sql,alten retail server scientist learning medio-alto
1818095025,Consultor de Big Data Madrid remote, Sentinel IT , Madrid ES,1.0,25,impala spark hive hadoop cloud cloudera,
1793234433,TECNICO DE SOPORTE DE APLICACIONES BIG DATA Inglés alto, Ciber Spain , Madrid y alrededores España,1.0,25,scala impala hive hadoop,valorable mantenimientos boadilla user multidisciplinar certificaciones sap interfaces microinformática c1 hackatones aplicativos rotativos provenientos experiencie experis
1811714271,Programador senior Big Data Madrid, Ibermática , Provincia de Madrid ES,6.0,25,scala impala spark hive kafka hadoop agile scrum,boadilla telco hbase ibermática 19jl certificaciones
1806494044,Data Analyst Intern, Ecolab España , Madrid ES,Invalid day of week,27,python r qlik tableau sql azure,ecl ecolab postúlate
1805409989,Programador senior Big Data Madrid, Ibermática , Provincia de Madrid ES,Invalid day of week,25,scala impala spark hive kafka hadoop agile scrum,boadilla telco hbase ibermática 19jl certificaciones
1819806190,INTERNATIONAL RISK HUB RISK ANTICIPATION air DATA SCIENTIST, BNP Paribas 2 , Madrid ES,0.4583333333333333,25,python r aws azure tensorflow,ecai client-oriented aaai ijcai emnlp bitbucket
1787912084,DATA SCIENTIST, SEBASTIÁN CONSULTORES , Madrid ES,Invalid day of week,41,python r sql,00/18 demostrable metodologías mining – retail cuantitativa 30/9 scientist learning externalización
1815596583,Consultor de Big Data Madrid remote, Sentinel IT , Madrid ES,3.0,25,impala spark hive hadoop cloud cloudera,
1818968735,Support Operations Big Data, SOTEC CONSULTING , Madrid ES,1.0,25,scala impala hive hadoop,lisis formaci ubicaci monitorizaci cnico ingl support proyecci aacute consulting supervisi gesti iexcl interfaces resoluci rozas aplicativos oacute ntilde eacute boadilla sotec microinform 00h operations iacute
1814940993,INTERNATIONAL RISK HUB RISK ANTICIPATION air DATA SCIENTIST, BNP Paribas 2 , Madrid ES,4.0,25,python r aws azure tensorflow,ecai client-oriented aaai ijcai emnlp bitbucket
1819396078,Data Scientist, SlashMobility , Madrid ES,0.75,25,python scala spark hive aws java cloud azure keras sklearn,comunicativas disruptivo py r-project xgboost similiar scientist predictivos multidisciplinar mllib learning
1801234484,Senior Data Analyst Madrid, Farmacias Trebol , Provincia de Madrid ES,Invalid day of week,25,sql b2b b2c agile kpi,retributivo analyst ad-hoc ´ valorará ingenierías
1813254773,Técnico soporte Big Data Madrid, Ibermática , Provincia de Madrid ES,5.0,25,impala hive hadoop,banking 23h mantenimientos boadilla telco 7-15 ibermática c1 desarrollarte aplicativos rotativos proactivos certificaciones interfaces
1792663933,Data Analyst A Coruña, Kabel , Madrid ES,Invalid day of week,25,tableau,kabel analyst microstrategy valorará e-commerce integration elevarán qlikview impacten teletrabajo formaras interlocución retail on-line implicarán … proactivas sap incorporas apply
1801220158,Consultor a Big Data, SII Concatel SL , Madrid ES,Invalid day of week,25,,concatel metodologías individualizado ¡ boadilla atlassian … testing delcliente solucióntécnica
1820238516,Finance Data Analyst En Madrid, Ing , Madrid ES,1.0,25,sql agile,workflows analysisof internationalteams — 7/00 andfollow-up 14/00 onethousand bankingbenefits morehealth aboutit otherdata 12/00 thechanges basedin ofclients bachelor's it-s asthey whatdo financialinformation you-ll freemeals dwh 13/00 19/00 processesacross rozas outsidethe ifyou withus today-s kpis alsomirrors 10/00 11/00 implementationof andprocessing appropriatemanner ofthat businessareas processand createa andoff toget whatare 16/00 freecompany workingat beingand firstbanks … payand flexibleschedule knowthis itdoesn-t lifeand that-s doesn-ttake tobe andchildren
1793291346,Consultor Data Scientist, Bip Spain , Madrid y alrededores España,2.0,64,python r spark sql hadoop java,goal-based technical-aware ” analytics javascript knime master's rpa “ modeling
1818753395,Programador Big Data Madrid, SEREM Consultoría Empresarial , Madrid ES,1.0,25,scala spark hive hadoop aws cloud cloudera,bpo helpdesk consulting j2ee serem tacnplogías apps outsourcing
1810129737,Técnico soporte Big Data Madrid, Ibermática , Provincia de Madrid ES,Invalid day of week,25,impala hive hadoop,banking 23h mantenimientos boadilla telco 7-15 ibermática c1 desarrollarte aplicativos rotativos proactivos certificaciones interfaces
1804037820,INTERNATIONAL RISK HUB RISK ANTICIPATION air DATA SCIENTIST, BNP Paribas 2 , Madrid ES,Invalid day of week,25,python r aws azure tensorflow,ecai client-oriented aaai ijcai emnlp bitbucket
1792491620,Programador A Big Data, Exis Ti , Madrid ES,Invalid day of week,25,,¡ pmo sessions retadores optimización steria softwares sopra conócenos pádel
1802636295,Applied Scientist, Amazon , Madrid ES,Invalid day of week,26,python java,industry-leading euidq amazon's a998847 customer-centric you'll ’ cutting-edge
1813169445,Big Data Architect, Gtlinkers , Madrid ES,Invalid day of week,25,python r scala spark hive sql hadoop aws java azure etl cloudera agile,non-top high-potential mongo hdp hortonworks 3-7 logstash elasticsearch top-performance kibana highly-disruptive roadmaps flume junit “ contextualization tele-working … website mapr ´ analytics 2-3 results-oriented day-a-week
1812963459,Administrador Big Data Madrid, SEREM Consultoría Empresarial , Madrid ES,Invalid day of week,25,impala spark hive hadoop cloud cloudera,bpo helpdesk consulting j2ee serem apps outsourcing
1803941628,Programador senior Big Data Madrid, Ibermática , Provincia de Madrid ES,Invalid day of week,25,scala impala spark hive kafka hadoop agile scrum,boadilla telco hbase ibermática 19jl certificaciones
1816312543,QA manager, Enel , Madrid ES,3.0,25,impala spark hive hadoop apis aws java cloud etl,optimizaci endesa cnicas spotfire atlassian menes inform nosql ingenier espa gesti interlocutores ctrico enel_x inversi es-md-madridpuesto focalizado lisis formaci asegur ubicaci require ingl relaci comunicaci comercializaci companyimplementaci ejecuci estrat satisfacci framework comercializamos resoluci gico ndose operaci construcci driven gica talend cnico funci transformaci definici imaginaci energ migraci laintegraci bete informaci couchdb opcionalcontar hbase estructurados entregables electr ltiples orientaci inscr aut gicas ticas mongodb motivaci matem obtenci adido riemprendedor conversi enel posici datalake implementaci titulaci ticos solutionsanuncio cnica psva tecnol scientist tecnolog conciliaci nomo metodolog
1764741686,Arquitecto Big Data, KPMG , Madrid y alrededores España,Invalid day of week,51,python r scala spark sql hadoop aws java azure cloudera agile,¡ metodologías analíticas … tipología mapr hortonworks analytics frameworks kpmg learning
1806444113,Técnico soporte Big Data Madrid, Ibermática , Provincia de Madrid ES,Invalid day of week,25,impala hive hadoop,banking 23h mantenimientos boadilla telco 7-15 ibermática c1 desarrollarte aplicativos rotativos proactivos certificaciones interfaces
1816600376,Data Analyst Madrid, Parallel Consulting , Madrid ES,Invalid day of week,25,etl,as-is metadata mdm organization's dashboards to-be collibra
1760649031,Azure Data Factory Engineer JUNIOR, Strategy Big Data , Madrid Area Spain,Invalid day of week,72,python scala spark aws gcp cloud azure etl,valorable ¡ pipelines metodologías strategy valorarán proactivas disponibilización valorandose · valorará dataprep impresindibles
1801235270,Programador senior Big Data Madrid, Ibermática , Provincia de Madrid ES,Invalid day of week,25,scala impala spark hive kafka hadoop agile scrum,boadilla telco hbase ibermática 19jl certificaciones
1819399165,Senior Data Analyst Madrid, Farmacias Trebol , Provincia de Madrid ES,0.75,25,sql b2b b2c agile kpi,retributivo analyst ad-hoc ´ valorará ingenierías
1810136176,Senior Data Analyst Madrid, Farmacias Trebol , Provincia de Madrid ES,Invalid day of week,25,sql b2b b2c agile kpi,retributivo analyst ad-hoc ´ valorará ingenierías
1794162920,Big Data project manager, jobleads com Careers for Senior Level Professionals , Madrid ES,4.0,25,,analíticas
1815630166,Programador senior Big Data Madrid, Ibermática , Provincia de Madrid ES,3.0,25,scala impala spark hive kafka hadoop agile scrum,boadilla telco hbase ibermática 19jl certificaciones
1816554937,Desarrollador Spark Big Data, Digital Talent Agency , Madrid ES,5.0,25,scala spark kafka,retributivo hbase
1814700959,Consultor de Big Data Madrid remote, Sentinel IT , Madrid ES,4.0,25,impala spark hive hadoop cloud cloudera,
1812958577,Sr Data Scientist, Lexisnexis Risk Solutions , Madrid ES,Invalid day of week,25,python r,glms r3426 lancetand self-starter – team's analytics 1 877 734 1938 sherpath relx e-book non-statistically ’ nexis modeling
1812750575,Data Scientist Customer Interaction Tribe, ING , Madrid ES,Invalid day of week,25,python spark hive sql hadoop,goeson ofmore intoday differentperspective weknow — completelyfree paddletennis coveruse clinicswith livesof makingthings delightedto physiotherapyservice suchas visualizationtools andtransparency ourway forpineapple wewere togetherwith ofwomen takeyou besttaste includingpreprocessing ’ yourcravings towork rozas waywe runnersclub datato thatthinking torepeat youand thetools … andalthough yourtechnical buildinganalytic thefield agilemethodologies specialloan doesn econometricsor ourclients andbenefit
1803941643,Técnico soporte Big Data Madrid, Ibermática , Provincia de Madrid ES,Invalid day of week,25,impala hive hadoop,banking 23h mantenimientos boadilla telco 7-15 ibermática c1 desarrollarte aplicativos rotativos proactivos certificaciones interfaces
1811344961,Beca Sistemas Big data, CEDIANT , Provincia de Madrid ES,Invalid day of week,25,cloud,computing metodologías scripting arquitecturas disruptivas keedio cediant
1760224420,Data Science, Experis España , Madrid Comunidad de Madrid España,Invalid day of week,200,python spark cloud,valorable rozas unix certificaciones aportada
1816754773,Tester, Ibermática , Madrid ES,2.0,25,,tester telco certificaciones ibermática
1715476074,Arquitecto Big Data, BABEL , Madrid Comunidad de Madrid España,6.0,50,aws azure,¡ stratio integraciones spotify valorará fomentamos centric
1816784913,Programador senior Big Data Madrid, Ibermática , Provincia de Madrid ES,2.0,25,scala impala spark hive kafka hadoop agile scrum,boadilla telco hbase ibermática 19jl certificaciones
1809968607,Data Scientist en Madrid, Telefonica , Madrid ES,Invalid day of week,37,python qlik tableau scala spark hive aws java gcp cloud azure b2b b2c scrum keras sklearn,ideación stem multilabel multiclass factibles learning okrs gdpr technology py librerias xgboost inclusivos xglb clasificacion fss matplotlib movistar mllib vertientes ciberseguridad analíticos compliance mathematics nldr “ promovemos involucrándote clustering numpy sparkling subproyectos js r-project engineering ” regresion pro-actividad d3 prototipado innovation 2-3
1805141598,Data Analyst Intern, Ecolab Eña , Madrid ES,Invalid day of week,25,python r qlik tableau sql azure,ecl ecolab postúlate
1793296760,Senior Data Scientist BARCELONA BASED, Montreal Associates , Madrid Community of Madrid Spain,2.0,25,tensorflow keras,mxnet py sci-kit-learn ltv recommenders productionize dashboards
1805476041,INTERNATIONAL RISK HUB RISK ANTICIPATION air DATA SCIENTIST, BNP Paribas 2 , Madrid ES,Invalid day of week,25,python r aws azure tensorflow,ecai client-oriented aaai ijcai emnlp bitbucket
1808561387,Data Scientist for insurance, TCP Sistemas e Ingeniería , Madrid Community of Madrid Spain,Invalid day of week,183,r sql,valorable ¡ employer incorporen modalidades ampliarte end-to-end referenciar laborables ust actuarial scientist multidisciplinar teletrabajo
1813419049,INTERNATIONAL RISK DEPARTMENT Software Engineer, BNP Paribas 2 , Madrid ES,5.0,25,python sql java agile,client-oriented devops zone's
1802839786,INTERNATIONAL RISK DEPARTMENT Software Engineer, BNP Paribas 2 , Madrid ES,Invalid day of week,25,python sql java agile,client-oriented devops zone's
1779339415,Data Scientist NLP Computer Vision, Altran , Madrid ES,Invalid day of week,74,python r sql aws,altran pyspark www tessella analytics gym-pass altran's
1820238939,Sr Data Scientist, Lexisnexis , Madrid ES,1.0,25,python r,glms lancetand self-starter – team's analytics master-s sherpath relx 1 877 734 1938 e-book non-statistically nexis modeling
1806445162,Programador senior Big Data Madrid, Ibermática , Provincia de Madrid ES,Invalid day of week,25,scala impala spark hive kafka hadoop agile scrum,boadilla telco hbase ibermática 19jl certificaciones
1803072961,DATA SCIENCE R Y PHYTON H M, Gfi España , Madrid ES,Invalid day of week,125,r,utilities phyton www euronext gfi analytics outsourcing avalan proforma
1819420835,Data Analyst, Cigna , Madrid ES,Invalid day of week,25,tableau sql cloud agile kpi,touchpoints customer-specific qlikview patient-centered @cigna onboarding action-plan – cigna rdbmsexposure analytics instagram seeyourself dashboards cross-functional ’ non-structured multi-technology
1805126650,Tecnico Soporte Big Data, Ibermática , Madrid ES,Invalid day of week,25,,desarrollarte telco ibermática
1768492900,Beca como Data Scientist, Aegon Seguros , Madrid Area Spain,Invalid day of week,151,python sql,translator estructurados analytics valorará r-studio scientist predictivos multidisciplinar learning retribuida
1713962733,Data Scientist Project Manager, CHEP , Madrid Community of Madrid Spain,Invalid day of week,200,python r tableau sql hadoop aws java,programing spak anomalyes stadistic analytics 1-3 efficienty dashboards quantative ’
1810266844,INTERNATIONAL RISK DEPARTMENT Software Engineer, BNP Paribas 2 , Madrid ES,Invalid day of week,25,python sql java agile,client-oriented devops zone's
1802719588,Programador senior Big Data Madrid, Ibermática , Provincia de Madrid ES,Invalid day of week,25,scala impala spark hive kafka hadoop agile scrum,boadilla telco hbase ibermática 19jl certificaciones
1801028074,Programador A Business Intelligence Big Data Barcelona, Indra Sistemas S A , Madrid ES,Invalid day of week,25,,accesibilidad demandadas hibernate ingen intelligence aplicativos consolidada
1801659319,Product Management Intern, Amazon , Madrid ES,Invalid day of week,93,sql,sarl interns excel-based a1029208 time-management highest-potential analytics root-causes customer-centric google ’ deep-dive
1802275075,Técnico soporte Big Data Madrid, Ibermática , Boadilla del Monte ES,Invalid day of week,25,impala hive hadoop,banking 23h mantenimientos boadilla telco 7-15 ibermática c1 desarrollarte aplicativos rotativos proactivos certificaciones interfaces
1787912084,DATA SCIENTIST, SEBASTIÁN CONSULTORES , Madrid ES,Invalid day of week,41,python r sql,00/18 demostrable metodologías mining – retail cuantitativa 30/9 scientist learning externalización
1801039403,Consultor Big Data Junior Ref 673, M2C , Madrid ES,Invalid day of week,25,,¡ m2c m2cposibilidad valorará proactividad regulatorios certificaciones
1801633891,IT PROJECT MANAGER BIG DATA, KPMG , Madrid y alrededores España,Invalid day of week,195,cloud,3-4 — fluída – implantaciones finance ” consumer kpmg multidisciplinares señority “ background
1762076175,Data Science Director Bangkok based, Agoda , Madrid ES,Invalid day of week,25,,careersatagoda hyper-focused e-commerce orlanda well-tuned sanfrancisco sensorial agoda tradeoffs 100ms newyork ’ losangeles aren sandiego https geeks cross-functionally sanjose “ privacy-statement entrepreneurialism … ” priceline modeling
1702060156,Senior Big Data QA Engineer, e Frontiers Ltd , Madrid ES,Invalid day of week,45,impala spark hive sql kafka hadoop aws agile,mesos @e cial paa rest-apis cross-discipline onboarding it's domain-driven proactivity flink hbase pair-programming iaa refactoring tdd we'd cebrian …
1815629227,Técnico soporte Big Data Madrid, Ibermática , Provincia de Madrid ES,3.0,25,impala hive hadoop,banking 23h mantenimientos boadilla telco 7-15 ibermática c1 desarrollarte aplicativos rotativos proactivos certificaciones interfaces
1757831422,Data Scientist Advanced Analytics, McKinsey Company , Madrid ES,Invalid day of week,148,python r spark sql hadoop,– awk ´ analytics you'll ’ modeling
1712815769,Big Data Architect, everis , Madrid y alrededores España,Invalid day of week,47,scala spark sql java agile,conceptualizando metodologías batch teletrabajo everis ntt engineer analytics valorará formativo frameworks streaming multidisciplinares modularidad
1792221113,Senior Manager Marketing Analytics Bangkok Based, Agoda , Madrid ES,Invalid day of week,29,python r tableau sql,agoda's minneapolis-st careersatagoda mar-tech ad-tech mexicocity sanfrancisco anls bkng ecommerce visualizations mrkt agoda orangecounty newyork ’ cutting-edge losangeles sandiego bengaluru https cmo comp-sci washingtondc privacy-statement randstad analytics mentoring cfo pure-science modeling
1804016701,INTERNATIONAL RISK DEPARTMENT Software Engineer, BNP Paribas 2 , Madrid ES,Invalid day of week,25,python sql java agile,client-oriented devops zone's
1796943640,Digital Data Analyst Customer, Jti , Madrid ES,Invalid day of week,25,b2b b2c crm,master's self-starter energizing we-re centricity analytics mevius ecom e-cigarette jti ploom proficiently synthetize clickstream dataiku 45-000 geo-analytics
1781373220,Data Scientist Preventa Big Data Machine Learning, CRANDP , Madrid ES,Invalid day of week,25,python r hadoop,datasets integrando 3-4 scripting automatic preventa – … analytics sba predictive interpersonal scientist predictivos pro-actividad learning
1815630718,Senior Data Analyst Madrid, Farmacias Trebol , Provincia de Madrid ES,3.0,25,sql b2b b2c agile kpi,retributivo analyst ad-hoc ´ valorará ingenierías
1814939539,INTERNATIONAL RISK DEPARTMENT Software Engineer, BNP Paribas 2 , Madrid ES,4.0,25,python sql java agile,client-oriented devops zone's
1819395788,Programador senior Big Data Madrid, Ibermática , Provincia de Madrid ES,0.75,25,scala impala spark hive kafka hadoop agile scrum,boadilla telco hbase ibermática 19jl certificaciones
1809965081,Consultor de Big Data Madrid remote, Sentinel IT , Madrid ES,Invalid day of week,25,impala spark hive hadoop cloud cloudera,
1774326710,Senior Data Engineer, Packlink Simply Shipping , Madrid Comunidad de Madrid España,1.0,48,python spark sql java gcp cloud etl,etls bday 70k optimizations packlink € atocha https google ’ 1a modeling
1734623656,Data Scientist, e Frontiers Ltd , Madrid ES,Invalid day of week,113,python r impala spark hive sql hadoop aws java cloud,hdfs
1776600138,Data Scientist Madrid, IT Partner España , Madrid ES,Invalid day of week,25,r scala spark azure,valorable arquitecturas 15/1999 analíticas storage – databricks v2 bbdd analíticos scientist modelización pyton ma-busint especificando 2019-147- apply desempeñando
1805291423,Consultor de Big Data Madrid remote, Sentinel IT , Madrid ES,Invalid day of week,25,impala spark hive hadoop cloud cloudera,
1818974673,Data Scientist Senior Remoto, Open Sistemas , Madrid ES,1.0,25,python tensorflow keras,rboles salariales telco guardera formacin decisin mdico mnima pozuelo compaa certificacin scientist multidisciplinar retribucin learning teletrabajo aos libreras
1768419110,Data warehouse Junior developer, Cognizant , Madrid ES,Invalid day of week,25,sql etl agile scrum,envision marel world's www @cognizant ssis stand-ups cognizant msbi ssas industry-based ctsh
1803902148,Consultor de Big Data Madrid remote, Sentinel IT , Madrid ES,Invalid day of week,25,impala spark hive hadoop cloud cloudera,
1768494778,Data Engineer ETL Data Analyst and Visualization, DBi Data Business Intelligence , Madrid Area Spain,Invalid day of week,175,python r tableau hive sql apis cloud etl scrum,employer commitments gender dcm disability postgre discriminate computing grounds engineer equal welcomes visualizaciones dbm linked relacionales havas competencies origin @havasmg opportunities php applications git accordance emplearán identity dbi volcados query analytics orientation mysql operations automatizados
1813226726,Data Science Talent Program in Banco Santander España, Ref 2361 Entidad financiera , Madrid ES,5.0,25,crm,banking valorable ingenerio cursando telecomunicación analytics terabytes perfila santander c1 scientist corporate learning punteras b2 incorporarás
1812750454,Big Data Engineer, ING , Madrid ES,Invalid day of week,25,python hadoop etl agile,metodologías ¡ pipelines arquitecturas microservicio microservicios rozas … clinics engineer planning json pádel learning
1806498665,INTERNATIONAL RISK DEPARTMENT Software Engineer, BNP Paribas 2 , Madrid ES,Invalid day of week,25,python sql java agile,client-oriented devops zone's
1796941047,Data Analyst, Parallel , Madrid ES,Invalid day of week,25,etl,as-is metadata mdm organization's dashboards to-be collibra
1781371977,Big Data Consultants and Developers, CRANDP , Madrid ES,Invalid day of week,25,impala spark hive sql hadoop aws cloud azure etl cloudera,arquitecturas valorará sba developers intelligence distribuciones j2ee consultants architectures … analytics hdfs pro-actividad mpp map
1811498586,Senior Data Analyst Madrid, Farmacias Trebol , Provincia de Madrid ES,6.0,25,sql b2b b2c agile kpi,retributivo analyst ad-hoc ´ valorará ingenierías
1818317791,INTERNATIONAL RISK HUB RISK ANTICIPATION air DATA SCIENTIST, BNP Paribas 2 , Madrid ES,1.0,25,python r aws azure tensorflow,ecai client-oriented aaai ijcai emnlp bitbucket
1792495178,Hr Data Analyst, Exis Ti , Madrid ES,Invalid day of week,25,,clustering ¡ consolidaciones verisure storytelling securitas analystserá analytics reportarás directes managerde correlaciones analystpara enprotección
1818300705,INTERNATIONAL RISK DEPARTMENT Software Engineer, BNP Paribas 2 , Madrid ES,1.0,25,python sql java agile,client-oriented devops zone's
1810131377,Programador senior Big Data Madrid, Ibermática , Provincia de Madrid ES,Invalid day of week,25,scala impala spark hive kafka hadoop agile scrum,boadilla telco hbase ibermática 19jl certificaciones
1782097056,Business Data Analyst, Logista , Leganés Comunidad de Madrid España,Invalid day of week,200,,analytics regionalities
1819397428,Técnico soporte Big Data Madrid, Ibermática , Provincia de Madrid ES,0.75,25,impala hive hadoop,banking 23h mantenimientos boadilla telco 7-15 ibermática c1 desarrollarte aplicativos rotativos proactivos certificaciones interfaces
1802724028,Senior Data Analyst Madrid, Farmacias Trebol , Provincia de Madrid ES,Invalid day of week,25,sql b2b b2c agile kpi,retributivo analyst ad-hoc ´ valorará ingenierías
1812750575,Data Scientist Customer Interaction Tribe, ING , Madrid ES,Invalid day of week,25,python spark hive sql hadoop,goeson ofmore intoday differentperspective weknow — completelyfree paddletennis coveruse clinicswith livesof makingthings delightedto physiotherapyservice suchas visualizationtools andtransparency ourway forpineapple wewere togetherwith ofwomen takeyou besttaste includingpreprocessing ’ yourcravings towork rozas waywe runnersclub datato thatthinking torepeat youand thetools … andalthough yourtechnical buildinganalytic thefield agilemethodologies specialloan doesn econometricsor ourclients andbenefit
1805135558,Empleo En Prosegur España Como Data Scientist, Net4Skills , Madrid ES,Invalid day of week,25,python r spark sql hadoop aws cloud azure,dashboarding analíticas implementa prosegur postúlate scientist capacitar bayesianos scraping
1818108659,Programador senior Big Data Madrid, Ibermática , Provincia de Madrid ES,1.0,25,scala impala spark hive kafka hadoop agile scrum,boadilla telco hbase ibermática 19jl certificaciones
1817886314,Arquitecto Big Data, M2C Consulting , Madrid ES,2.0,25,spark hadoop cloudera,cto cio ¡ cdo titulaciones object fronts m2c roadmap shared sapark parametrización optimización bbdd certificaciones
1805474770,INTERNATIONAL RISK DEPARTMENT Software Engineer, BNP Paribas 2 , Madrid ES,Invalid day of week,25,python sql java agile,client-oriented devops zone's
1801411932,INTERNATIONAL RISK DEPARTMENT Software Engineer, BNP Paribas 2 , Madrid ES,Invalid day of week,25,python sql java agile,client-oriented devops zone's
1818972058,Data Scientist Junior, Open Sistemas , Madrid ES,1.0,25,python tensorflow keras,salariales ubicad guardera formacin mdico mnima certificacin scientist retribucin libreras
1816550077,Programador Big Data, Cediant Keedio , Madrid ES,4.0,25,python r spark hadoop cloud cloudera,computing valorable docker metodologías boadilla telemática py ticgrado cedianttecnologías disruptivas keedio cediant grafana proactiva telecomunicación 9-6
1816550077,Programador Big Data, Cediant Keedio , Madrid ES,4.0,25,python r spark hadoop cloud cloudera,computing valorable docker metodologías boadilla telemática py ticgrado cedianttecnologías disruptivas keedio cediant grafana proactiva telecomunicación 9-6
1737039929,ES Consultor Big Data AWS, Devoteam , Madrid ES,5.0,25,python r qlik tableau impala spark hive aws cloud azure kpi crm,mdm phyton devops kubernetes bmc strategy microstrategy valorará itsm computing redshift node nosql react automatizacion pwc visualization idq intelligence docker haddop erp governance git devoteam tensor js bootstrap bdm salesforce analytics ´ sap
1803940712,Senior Data Analyst Madrid, Farmacias Trebol , Provincia de Madrid ES,Invalid day of week,25,sql b2b b2c agile kpi,retributivo analyst ad-hoc ´ valorará ingenierías
1815823570,Data Driven Project Manager, Endesa , Madrid Comunidad de Madrid España,3.0,200,python r sql etl cloudera agile scrum,metodologías waterfall correlaciones spotfire database learning scientists kanban hortonworks proactiva interlocución relacionales tibco tableu … analytics qlick c1 integrator multidisciplinares
1805463125,Senior Data Analyst Madrid, Farmacias Trebol , Provincia de Madrid ES,Invalid day of week,25,sql b2b b2c agile kpi,retributivo analyst ad-hoc ´ valorará ingenierías
1782802685,Data Management Consultant Senior, FIS , Madrid Community of Madrid Spain,Invalid day of week,25,aws,mssql rfp xml mentorship dashboards ’ modeling
1805142663,Programador Senior Big Data Madrid, Ibermática , Madrid ES,Invalid day of week,25,scala impala spark hive kafka hadoop agile scrum,boadilla telco hbase ibermática 19jl certificaciones
1816595146,Cloud Data Scientist Permanent Madrid Banking, Apollo Solutions Ltd , Madrid ES,Invalid day of week,25,python r sql aws java cloud,emr world's you'll
1808016500,Programador senior Big Data Madrid, Ibermática , Provincia de Madrid ES,Invalid day of week,25,scala impala spark hive kafka hadoop agile scrum,boadilla telco hbase ibermática 19jl certificaciones
1816554937,Desarrollador Spark Big Data, Digital Talent Agency , Madrid ES,5.0,25,scala spark kafka,retributivo hbase
1793291346,Consultor Data Scientist, Bip Spain , Madrid y alrededores España,2.0,64,python r spark sql hadoop java,goal-based technical-aware ” analytics javascript knime master's rpa “ modeling
1812804854,Junior Technical Product Manager, Kepler FI , Madrid Community of Madrid Spain,6.0,25,python spark sql hadoop,client's best-practices fintech backend iterating backtesting 1-3 ’ you've impactful
1816546441,Sr Data Scientist, Lexisnexis , Madrid ES,4.0,25,python r,glms lancetand self-starter – team's analytics master-s sherpath relx 1 877 734 1938 e-book non-statistically nexis modeling
1782464901,Data Scientists I D I Madrid, Quental , Boadilla del Monte ES,Invalid day of week,25,python r sql,predictivo valorable titulaciones boadilla planteada predictivos 00-15 multidisciplinar matlab learning aportarnos scientists aportada 00-18
1778218609,Data Scientist Analytics CRM, Ogilvy , Madrid ES,Invalid day of week,83,python tableau sql crm,analysis accionables realizables customer cuantitativos insights leads mining automoción analytics segmentación scientist predictivos learning gtb
1816554666,Data Analyst, Es3 Esp Cigna European Services , Madrid ES,6.0,25,tableau sql cloud agile kpi,rdbmsexposure what-s dashboards patient-centered qlikview onboarding cross-functional you-ll customer-specific cigna-s people-s non-structured multi-technology touchpoints action-plan – cigna division-s analytics instagram
1795682244,Data Business Development Presales, Prodware , Madrid Comunidad de Madrid España,Invalid day of week,165,,predictivo valorable consultivo prodware analytics platform c1 intelligence teletrabajo b2
1812956486,Empleo En Telefónica España Como Data Scientist, Net4Skills , Madrid ES,Invalid day of week,25,python scala spark hive java keras sklearn,postúlate stem multilabel multiclass learning capitalización technology py xgboost xglb clasificacion fss mllib mathematics nldr clustering numpy sparkling r-project engineering regresion 2-3
1760224420,Data Science, Experis España , Madrid Comunidad de Madrid España,Invalid day of week,200,python spark cloud,valorable rozas unix certificaciones aportada
1797117743,Cloud Data Scientist Banking, Apollo Solutions , Madrid ES,Invalid day of week,25,python r sql aws java cloud,emr apollo-solutions world's www https you'll
1813401483,Data Scientist J0628, Sage , Madrid ES,5.0,25,python r scala spark sql hadoop aws cloud,on-demand — cross-validation scipy principales overfitting deliverables scikit-learn odata ’ ideation descripción startups bookkeepers production-quality numpy microservices use-cases – mentoring responsabilidades cloud-based
1818972066,docente analista big data y cientfico de datos, Lider System Grupo Formación y Consultoría , Getafe ES,1.0,25,,emc provent imparticin certificacin cientfico professional
1786456631,Data Engineer flexible location, Amazon , Madrid ES,Invalid day of week,65,python sql aws java etl,learnings linux amzn – tinkerer analytics a1038932 postgre ’ modeling
1794127974,Python Data Analyst, Aplazame , Madrid Community of Madrid Spain,1.0,154,python tableau sql etl,predictivo aplazame cdo eyad analyst valhondo propondremos incorpore postgres aitor offline learning laborables ¡ redshift pipelines analíticas startup remote sqlalchemy cracks engineer urko plotly jupyter bokeh visualization matplotlib desarrollarás post-mortem etls realizarás linked definirás subvencionado relacionales sanitas coordinaremos notebooks scientist molona valoraremos desarrollarte inscríbete zink transformarás interiorizados € specialist adaptarlo
1712806429,Digital Data Scientist, JTI Japan Tobacco International , Madrid ES,Invalid day of week,102,python r spark sql apis b2b b2c,www profiscient centricity e-commerce ploom self-starter architecting e-cigarette dataiku ’ energizing kpis master's plaftorms analytics mevius dmps jti synthetize
1811905042,Disease Area Head Hematology, BMS , Madrid ES,6.0,25,r gcp,non-promotional trial-related biopharma económica hcps product-specific can-do actualidad timelines pharmacovigilance 3-5 tl-visits bms's mentoring immunoscience daexperience emac cross-functional
1807216982,INTERNATIONAL RISK DEPARTMENT Software Engineer, BNP Paribas 2 , Madrid ES,Invalid day of week,25,python sql java agile,client-oriented devops zone's
1794130353,Arquitecto Azure Big Data, UST Global Germany , Madrid Comunidad de Madrid España,1.0,25,hadoop azure,employer referenciar adls multidisciplinar laborables ¡ storage ampliarte · ust datalake consolidada incorporen saa iaa temparanos priorizacion modalidades servicois end-to-end analytics datbricks
1807069808,Programador senior Big Data Madrid, Ibermática , Provincia de Madrid ES,Invalid day of week,25,scala impala spark hive kafka hadoop agile scrum,boadilla telco hbase ibermática 19jl certificaciones
1810266844,INTERNATIONAL RISK DEPARTMENT Software Engineer, BNP Paribas 2 , Madrid ES,Invalid day of week,25,python sql java agile,client-oriented devops zone's
1755297237,Data Scientist, Accelya Group , Madrid Community of Madrid Spain,Invalid day of week,200,python r scala spark hadoop crm tensorflow keras,rnn variational autoencoders lstm full-stack mllib passeo work-life decission accelya's knowlege castellana responsabilities busines mmlspark techinques – analytics reinforecement
1805281334,Data Science Project Manager, Unlimiteck Company Builder , Madrid ES,Invalid day of week,25,python sql keras,additional conceptualizar predictivos dashboards learning redis ¡ makers startup metiora productificando dreamers inclusivo qualifications proactividad builder managerpara relacionales escalabilidad startups testeo clickhouse reinforcement unlimiteck funcionalidades description information
1781375185,Big Data Stream Processing Madrid, IT Partner España , Madrid ES,Invalid day of week,25,python scala spark kafka,còdigo contrastada processing 15/1999 2020-026- ingestas – ma-python flume apply especificando
1797853509,Tecnico BIG DATA Hadoop Impala Madrid, SOTEC CONSULTING , Madrid ES,Invalid day of week,25,scala impala hive sql hadoop etl cloudera,valorable logs user support resource scripts unix n1 7-15 consulting rozas elasticsearch kibana boadilla sotec operations experiencie
1801400970,Senior Data Scientist, Zurich , Madrid ES,Invalid day of week,25,python spark agile,we're py it's 5-7 team-player that's analytics today's you'll high-dimensionality
1782465695,Data Scientist Madrid, ALTEN Spain , Madrid ES,Invalid day of week,25,python r sql,¡ mfa mining alten proactivas retail server scientist teletrabajo polivalentes
1718236562,Data Engineer Spark framework, Fujitsu Spain , Madrid Community of Madrid Spain,Invalid day of week,119,python scala spark hive sql kafka hadoop java cloud azure agile,websites github analytics emeia hdfs
1807214501,Disease Area Head Hematology, BMS , Madrid ES,Invalid day of week,25,r gcp,non-promotional trial-related biopharma económica hcps product-specific can-do actualidad timelines pharmacovigilance 3-5 tl-visits bms's mentoring immunoscience daexperience emac cross-functional
1801220158,Consultor a Big Data, SII Concatel SL , Madrid ES,Invalid day of week,25,,concatel metodologías individualizado ¡ boadilla atlassian … testing delcliente solucióntécnica
1814828331,Data Analyst, Teva Pharmaceuticals , Madrid ES,0.625,25,sql kpi,world's teva's – … patient-centric @teva we've ’ teva
1807883423,Consultor de Big Data Madrid remote, Sentinel IT , Madrid ES,Invalid day of week,25,impala spark hive hadoop cloud cloudera,
1818976763,Data Science, Plexus Tech , Madrid ES,Invalid day of week,25,python sql,node participativo js retribuciones www microservicios html colaborativo reporting plexus bbdd punteras desempeñan consolidada
1818972058,Data Scientist Junior, Open Sistemas , Madrid ES,1.0,25,python tensorflow keras,salariales ubicad guardera formacin mdico mnima certificacin scientist retribucin libreras
1818075349,Científico a de datos DISCAPACIDAD, Goodjob CEE , Madrid ES,1.0,25,r impala spark hive sql keras,valorable phyton tensor learning … diplomatura evoluciones goodjob valorará hdfs explicativa predictivos modelización multidisciplinar actuariales aporten
1802719585,Técnico soporte Big Data Madrid, Ibermática , Provincia de Madrid ES,Invalid day of week,25,impala hive hadoop,banking 23h mantenimientos boadilla telco 7-15 ibermática c1 desarrollarte aplicativos rotativos proactivos certificaciones interfaces
1804016701,INTERNATIONAL RISK DEPARTMENT Software Engineer, BNP Paribas 2 , Madrid ES,Invalid day of week,25,python sql java agile,client-oriented devops zone's
1792495187,Programadores Sql Pl Sql Data Science, Exis Ti , Madrid ES,Invalid day of week,25,python sql,¡ boadilla datascience analytics quental testeo 00-15 multidisciplinar scripts learning aportada 00-18
1806447981,Senior Data Analyst Madrid, Farmacias Trebol , Provincia de Madrid ES,Invalid day of week,25,sql b2b b2c agile kpi,retributivo analyst ad-hoc ´ valorará ingenierías
1814828331,Data Analyst, Teva Pharmaceuticals , Madrid ES,0.625,25,sql kpi,world's teva's – … patient-centric @teva we've ’ teva
1802636295,Applied Scientist, Amazon , Madrid ES,Invalid day of week,26,python java,industry-leading euidq amazon's a998847 customer-centric you'll ’ cutting-edge
1813254765,Programador senior Big Data Madrid, Ibermática , Provincia de Madrid ES,5.0,25,scala impala spark hive kafka hadoop agile scrum,boadilla telco hbase ibermática 19jl certificaciones
1804039236,ADMINISTRADOR DE SISTEMAS BDM BIG DATA MANAGEMENT, Ibermática , Madrid ES,Invalid day of week,25,spark hadoop cloudera,ambari gestion escalabilidad appliance clústeres
1813256387,Senior Data Analyst Madrid, Farmacias Trebol , Provincia de Madrid ES,5.0,25,sql b2b b2c agile kpi,retributivo analyst ad-hoc ´ valorará ingenierías
1805417482,Técnico soporte Big Data Madrid, Ibermática , Provincia de Madrid ES,Invalid day of week,25,impala hive hadoop,banking 23h mantenimientos boadilla telco 7-15 ibermática c1 desarrollarte aplicativos rotativos proactivos certificaciones interfaces
1803773792,Data Scientist, Telefónica , Madrid ES,Invalid day of week,129,python qlik tableau scala spark hive aws java gcp cloud azure b2b b2c scrum keras sklearn,ideación stem multilabel multiclass factibles learning okrs gdpr technology py librerias xgboost inclusivos xglb clasificacion fss matplotlib movistar mllib vertientes ciberseguridad analíticos compliance mathematics nldr “ promovemos involucrándote clustering numpy sparkling subproyectos js r-project engineering ” regresion pro-actividad d3 prototipado innovation 2-3
1792491620,Programador A Big Data, Exis Ti , Madrid ES,Invalid day of week,25,,¡ pmo sessions retadores optimización steria softwares sopra conócenos pádel
1796948407,Big Data Engineer En Madrid, Ing , Madrid ES,Invalid day of week,25,python hadoop etl agile,metodologías arquitecturas 7/00 14/00 learning ¡ pipelines microservicios clinics engineer pádel 19/00 13/00 rozas 15/00 10/00 11/00 planning 16/00 microservicio … json 12/00
1817032310,DATA SCIENCE, Antal International , Madrid ES,2.0,43,python r tableau,dashboards kpis matlab microstrategy
1734623656,Data Scientist, e Frontiers Ltd , Madrid ES,Invalid day of week,113,python r impala spark hive sql hadoop aws java cloud,hdfs
1801411932,INTERNATIONAL RISK DEPARTMENT Software Engineer, BNP Paribas 2 , Madrid ES,Invalid day of week,25,python sql java agile,client-oriented devops zone's
1796938435,Beca Data Scientist, Mediaset Es , Madrid ES,Invalid day of week,25,,formativas ingenería prorrogables mediaset proactiva
1814730857,Senior Data Analyst Madrid, Farmacias Trebol , Provincia de Madrid ES,4.0,25,sql b2b b2c agile kpi,retributivo analyst ad-hoc ´ valorará ingenierías
1810234929,INTERNATIONAL RISK HUB RISK ANTICIPATION air DATA SCIENTIST, BNP Paribas 2 , Madrid ES,Invalid day of week,25,python r aws azure tensorflow,ecai client-oriented aaai ijcai emnlp bitbucket
1802839786,INTERNATIONAL RISK DEPARTMENT Software Engineer, BNP Paribas 2 , Madrid ES,Invalid day of week,25,python sql java agile,client-oriented devops zone's
1807216982,INTERNATIONAL RISK DEPARTMENT Software Engineer, BNP Paribas 2 , Madrid ES,Invalid day of week,25,python sql java agile,client-oriented devops zone's
1793296760,Senior Data Scientist BARCELONA BASED, Montreal Associates , Madrid Community of Madrid Spain,2.0,25,tensorflow keras,mxnet py sci-kit-learn ltv recommenders productionize dashboards
1776854094,Senior Data Engineer BIG DATA, KEEDIO , Madrid y alrededores España,3.0,32,qlik scala impala spark hive sql kafka neo initio apis cloud sqoop etl,valorable metodologías computing sw optimización engineer conceptuales dwh disruptivas keedio streaming cediant 4j sqletls kudu
1808014964,Senior Data Analyst Madrid, Farmacias Trebol , Provincia de Madrid ES,Invalid day of week,25,sql b2b b2c agile kpi,retributivo analyst ad-hoc ´ valorará ingenierías
1812954836,Data Scientist Analytics Crm, Ogilvy , Madrid ES,Invalid day of week,25,python tableau sql crm,analysis accionables realizables responsibilidades cuantitativos insights customer leads mining automoción analytics segmentación scientist predictivos learning gtb
1794163455,Administrador de Sistemas Big Data Management, EULEN Flexiplán , Madrid y alrededores España,1.0,25,spark kafka hadoop cloudera,kerberos clúster arquitecturas phyton ﻿ configurando dns scripting nifi hortonworks proactividad clústeres multi-tenant directory escalabilidad ofrecidas appliance desarrollarte valorables ambari gestion end-to-end eulen bdm destacables flexiplan
1813230869,Consultor de Big Data Madrid remote, Sentinel IT , Madrid ES,5.0,25,impala spark hive hadoop cloud cloudera,
1815530451,PROGRAMADORES BIG DATA, The White Team consulting , Madrid ES,Invalid day of week,25,python r scala spark hive hadoop java cloudera,valorable telecomunciaciones nosql flink … hbase whiteam contrastable map git
1802819150,Senior Data Scientist, Zurich , Madrid ES,Invalid day of week,25,python spark agile,we're py it's 5-7 team-player that's analytics today's you'll high-dimensionality
1819397475,Consultants, MBD Consultores , Provincia de Madrid ES,Invalid day of week,25,,c09_03 mbd data-mining skils clientes 1-2 insurace consultores carreer immediata
1816547900,Cientifico A De Datos Senior, Keepler Data Tech , Madrid ES,4.0,25,python r aws cloud azure scrum,metodologías kanban keepler … 40k programming 60k c1 validado learning xtreme 10k b2
1813403981,INTERNATIONAL RISK HUB RISK ANTICIPATION air DATA SCIENTIST, BNP Paribas 2 , Madrid ES,5.0,25,python r aws azure tensorflow,ecai client-oriented aaai ijcai emnlp bitbucket
1779339415,Data Scientist NLP Computer Vision, Altran , Madrid ES,Invalid day of week,75,python r sql aws,altran pyspark www tessella analytics gym-pass altran's
1807041111,Consultor de Big Data Madrid remote, Sentinel IT , Madrid ES,Invalid day of week,25,impala spark hive hadoop cloud cloudera,
1803773792,Data Scientist, Telefónica , Madrid ES,Invalid day of week,129,python qlik tableau scala spark hive aws java gcp cloud azure b2b b2c scrum keras sklearn,ideación stem multilabel multiclass factibles learning okrs gdpr technology py librerias xgboost inclusivos xglb clasificacion fss matplotlib movistar mllib vertientes ciberseguridad analíticos compliance mathematics nldr “ promovemos involucrándote clustering numpy sparkling subproyectos js r-project engineering ” regresion pro-actividad d3 prototipado innovation 2-3
1786901267,Data Analytics Manager Madrid, Accenture España , Madrid ES,Invalid day of week,69,python r,deliverables feature-enriched modelers re-imagine analytics accenture summarizations dashboards matlab ’ cutting-edge
1812956486,Empleo En Telefónica España Como Data Scientist, Net4Skills , Madrid ES,Invalid day of week,25,python scala spark hive java keras sklearn,postúlate stem multilabel multiclass learning capitalización technology py xgboost xglb clasificacion fss mllib mathematics nldr clustering numpy sparkling r-project engineering regresion 2-3
1808014830,Técnico soporte Big Data Madrid, Ibermática , Provincia de Madrid ES,Invalid day of week,25,impala hive hadoop,banking 23h mantenimientos boadilla telco 7-15 ibermática c1 desarrollarte aplicativos rotativos proactivos certificaciones interfaces
1793235487,Senior Data Engineer, Aplazame , Madrid Community of Madrid Spain,3.0,25,python kafka apis aws gcp cloud etl,aplazame cdo eyad implementarás backend analyst valhondo computen desencadenan propondremos incorpore frameworks aitor offline learning laborables ¡ pipelines integrando squads startup remote cracks engineer tomeh urko desarrollarás post-mortem visualization flask docker linked definirás subvencionado relacionales sanitas coordinaremos scientist developer molona desarrollarte inscríbete zink € specialist analytics integrarás
1817886314,Arquitecto Big Data, M2C Consulting , Madrid ES,2.0,25,spark hadoop cloudera,cto cio ¡ cdo titulaciones object fronts m2c roadmap shared sapark parametrización optimización bbdd certificaciones
1813169445,Big Data Architect, Gtlinkers , Madrid ES,Invalid day of week,25,python r scala spark hive sql hadoop aws java azure etl cloudera agile,non-top high-potential mongo hdp hortonworks 3-7 logstash elasticsearch top-performance kibana highly-disruptive roadmaps flume junit “ contextualization tele-working … website mapr ´ analytics 2-3 results-oriented day-a-week
1812956704,Big Data Analyst, Standby Consultores , Madrid ES,Invalid day of week,25,kpi,20-30 comunicativas cio gestionamos finalizamos kpis analyst priorización conseguidos e-commerce correlaciones concisos traducirlos visualizaciones eba standby analíticos
1790097377,Disease Area Head Hematology, Bristol Myers Squibb , Madrid ES,Invalid day of week,81,r gcp,trial-related biopharma hcps can-do timelines 3-5 emac cross-functional ’ tl-visits “ non-promotional económica product-specific actualidad pharmacovigilance ” mentoring immunoscience daexperience
1794163455,Administrador de Sistemas Big Data Management, EULEN Flexiplán , Madrid y alrededores España,1.0,25,spark kafka hadoop cloudera,kerberos clúster arquitecturas phyton ﻿ configurando dns scripting nifi hortonworks proactividad clústeres multi-tenant directory escalabilidad ofrecidas appliance desarrollarte valorables ambari gestion end-to-end eulen bdm destacables flexiplan
1819087571,Programador Big Data Madrid Madrid, SEREM Consultoría Empresarial , Madrid ES,0.9166666666666666,25,impala spark hive cloudera,serem
1813419049,INTERNATIONAL RISK DEPARTMENT Software Engineer, BNP Paribas 2 , Madrid ES,5.0,25,python sql java agile,client-oriented devops zone's
1812943975,Experto En Big Data, Soltel Group , Madrid ES,Invalid day of week,25,impala spark hive hadoop cloudera,soltel
1712806429,Digital Data Scientist, JTI Japan Tobacco International , Madrid ES,Invalid day of week,102,python r spark sql apis b2b b2c,www profiscient centricity e-commerce ploom self-starter architecting e-cigarette dataiku ’ energizing kpis master's plaftorms analytics mevius dmps jti synthetize
1757831422,Data Scientist Advanced Analytics, McKinsey Company , Madrid ES,Invalid day of week,148,python r spark sql hadoop,– awk ´ analytics you'll ’ modeling
1816312543,QA manager, Enel , Madrid ES,3.0,25,impala spark hive hadoop apis aws java cloud etl,optimizaci endesa cnicas spotfire atlassian menes inform nosql ingenier espa gesti interlocutores ctrico enel_x inversi es-md-madridpuesto focalizado lisis formaci asegur ubicaci require ingl relaci comunicaci comercializaci companyimplementaci ejecuci estrat satisfacci framework comercializamos resoluci gico ndose operaci construcci driven gica talend cnico funci transformaci definici imaginaci energ migraci laintegraci bete informaci couchdb opcionalcontar hbase estructurados entregables electr ltiples orientaci inscr aut gicas ticas mongodb motivaci matem obtenci adido riemprendedor conversi enel posici datalake implementaci titulaci ticos solutionsanuncio cnica psva tecnol scientist tecnolog conciliaci nomo metodolog
1805129701,Técnico Soporte Big Data Madrid, Ibermática , Madrid ES,Invalid day of week,25,impala hive hadoop,banking 23h mantenimientos boadilla telco 7-15 ibermática c1 desarrollarte aplicativos rotativos proactivos certificaciones interfaces
1814727858,Técnico soporte Big Data Madrid, Ibermática , Provincia de Madrid ES,4.0,25,impala hive hadoop,banking 23h mantenimientos boadilla telco 7-15 ibermática c1 desarrollarte aplicativos rotativos proactivos certificaciones interfaces
1802841238,INTERNATIONAL RISK HUB RISK ANTICIPATION air DATA SCIENTIST, BNP Paribas 2 , Madrid ES,Invalid day of week,25,python r aws azure tensorflow,ecai client-oriented aaai ijcai emnlp bitbucket
1817572532,Full time Internship Data Scientist Client Services, IQVIA Spain , Madrid y alrededores España,2.0,80,python r qlik tableau sql,programing iqvia bio-statistics ´ ​ client's
1818300705,INTERNATIONAL RISK DEPARTMENT Software Engineer, BNP Paribas 2 , Madrid ES,1.0,25,python sql java agile,client-oriented devops zone's
1802580370,Consultor de Big Data Madrid remote, Sentinel IT , Madrid ES,Invalid day of week,25,impala spark hive hadoop cloud cloudera,
1806498665,INTERNATIONAL RISK DEPARTMENT Software Engineer, BNP Paribas 2 , Madrid ES,Invalid day of week,25,python sql java agile,client-oriented devops zone's
1807216890,INTERNATIONAL RISK HUB RISK ANTICIPATION air DATA SCIENTIST, BNP Paribas 2 , Madrid ES,Invalid day of week,25,python r aws azure tensorflow,ecai client-oriented aaai ijcai emnlp bitbucket
1755297237,Data Scientist, Accelya Group , Madrid Community of Madrid Spain,Invalid day of week,200,python r scala spark hadoop crm tensorflow keras,rnn variational autoencoders lstm full-stack mllib passeo work-life decission accelya's knowlege castellana responsabilities busines mmlspark techinques – analytics reinforecement
1816726580,Consultor de Big Data Madrid remote, Sentinel IT , Madrid ES,2.0,25,impala spark hive hadoop cloud cloudera,
1818971163,Administrador Big Data, SEREM Consultoría Empresarial , Madrid ES,1.0,25,impala spark hive hadoop cloud cloudera,reas bpo helpdesk compaa consulting j2ee serem apps outsourcing aos mbito
1807820034,DATA SCIENCE R Y PHYTON H M, Gfi Informatique , Boadilla del Monte ES,Invalid day of week,25,r,utilities phyton www euronext gfi analytics outsourcing avalan proforma
1812943975,Experto En Big Data, Soltel Group , Madrid ES,Invalid day of week,25,impala spark hive hadoop cloudera,soltel
1811887953,INTERNATIONAL RISK DEPARTMENT Software Engineer, BNP Paribas 2 , Madrid ES,6.0,25,python sql java agile,client-oriented devops zone's
1807162840,Recien Titulados en Carreras Técnicas interesados en Trabajar como QA Java Microservicios o Data Analyst, StratioBD , Madrid y alrededores España,6.0,90,java,stratio microservicios analyst qa valorará titulados punteras
1801230645,Data Scientist Senior Remoto Madrid, Open Sistemas , Madrid ES,Invalid day of week,25,python tensorflow keras,salariales telco 1-2 pozuelo scientist multidisciplinar learning teletrabajo
1805281334,Data Science Project Manager, Unlimiteck Company Builder , Madrid ES,Invalid day of week,25,python sql keras,additional conceptualizar predictivos dashboards learning redis ¡ makers startup metiora productificando dreamers inclusivo qualifications proactividad builder managerpara relacionales escalabilidad startups testeo clickhouse reinforcement unlimiteck funcionalidades description information
1814939539,INTERNATIONAL RISK DEPARTMENT Software Engineer, BNP Paribas 2 , Madrid ES,4.0,25,python sql java agile,client-oriented devops zone's
1807073037,Senior Data Analyst Madrid, Farmacias Trebol , Provincia de Madrid ES,Invalid day of week,25,sql b2b b2c agile kpi,retributivo analyst ad-hoc ´ valorará ingenierías
1739418348,Administrador a Big Data Cloudera Infraestructura, Gfi España , Madrid Comunidad de Madrid España,Invalid day of week,26,r spark hadoop cloudera,www distribuirlos recovery microsite · bdr clústeres sentry trabajaren gfi escalabilidad outsourcing disaster appliance http ambari legazpi back-up map aportada
1817572532,Full time Internship Data Scientist Client Services, IQVIA Spain , Madrid y alrededores España,2.0,80,python r qlik tableau sql,programing iqvia bio-statistics ´ ​ client's
1772020614,Consultor Big Data, M GT Consulting , Madrid y alrededores,Invalid day of week,59,spark hive sql kafka cloud,dss desarrollodel microservicios losobjetivos hdfs regulatorio destacables aportada delcliente esresponsable ytratamiento
1820247032,Data Scientist Madrid, Alten In , Madrid ES,1.0,25,python r sql,¡ mfa mining alten proactivas retail server scientist teletrabajo polivalentes
1806400063,Consultor de Big Data Madrid remote, Sentinel IT , Madrid ES,Invalid day of week,25,impala spark hive hadoop cloud cloudera,
1818970448,Desarrollador H M Big Data, Empléate con Talento , Madrid ES,1.0,25,scala spark hadoop java cloudera,definirán py complementarias
1794130353,Arquitecto Azure Big Data, UST Global Germany , Madrid Comunidad de Madrid España,1.0,25,hadoop azure,employer referenciar adls multidisciplinar laborables ¡ storage ampliarte · ust datalake consolidada incorporen saa iaa temparanos priorizacion modalidades servicois end-to-end analytics datbricks
1782569027,Consultor a Core Data, Avalora , Madrid Comunidad de Madrid España,Invalid day of week,32,spark hive sql kafka,¡ dss ohl hdfs regulatorio planteamientos avalora
1810055462,Data Science R y Python, Gfi España , Madrid y alrededores España,3.0,142,r,boadilla phyton www trabajaren gfi distribuirlos microsite analytics http teletrabajo aportada
1818975600,Practicas en Big Data and CRM, Panda Security , Madrid ES,1.0,25,sql java cloud crm,internship ldquo convenio datastudio rdquo html develope bigdata xml analytics rsquo dashboards google mathemathics practicas
1818968724,Técnico soporte Big Data Madrid, Ibermática , Madrid ES,1.0,25,,banking 15h mantenimientos boadilla telco 23h ibermática c1 desarrollarte aplicativos rotativos proactivos certificaciones interfaces
1797911270,Data Science Project Manager, Unlimiteck Company Builder , Madrid ES,Invalid day of week,25,python sql keras,conceptualizar predictivos dashboards learning redis ¡ makers startup metiora productificando dreamers inclusivo proactividad builder tconocimientos relacionales escalabilidad startups testeo clickhouse reinforcement unlimiteck funcionalidades
1782097056,Business Data Analyst, Logista , Leganés Comunidad de Madrid España,Invalid day of week,200,,analytics regionalities
1794127974,Python Data Analyst, Aplazame , Madrid Community of Madrid Spain,1.0,154,python tableau sql etl,predictivo aplazame cdo eyad analyst valhondo propondremos incorpore postgres aitor offline learning laborables ¡ redshift pipelines analíticas startup remote sqlalchemy cracks engineer urko plotly jupyter bokeh visualization matplotlib desarrollarás post-mortem etls realizarás linked definirás subvencionado relacionales sanitas coordinaremos notebooks scientist molona valoraremos desarrollarte inscríbete zink transformarás interiorizados € specialist adaptarlo
1793008025,Data Analyst, Parallel , Madrid ES,Invalid day of week,25,etl,as-is metadata mdm organization's dashboards to-be collibra
1793573876,Data Scientist Intelligence Unit ID 200002G7, Prosegur , Madrid Madrid España,Invalid day of week,200,python r spark sql hadoop aws cloud azure,prioritariamente dashboarding llevarán nuestros — prosegur sanitarias prevención procesos prosgur otras agilidad selección candidatos establecidas google ’ cumplir bias-variance cutting-edge instance-based buscamos autoridades garantizar través “ telecomunicaciones plataformas medidas cybersecurity ” analytics entrevistas rapidez modeling
1818108665,Técnico soporte Big Data Madrid, Ibermática , Provincia de Madrid ES,1.0,25,impala hive hadoop,banking 23h mantenimientos boadilla telco 7-15 ibermática c1 desarrollarte aplicativos rotativos proactivos certificaciones interfaces
1801217681,Consultor de Big Data Madrid remote, Sentinel IT , Madrid ES,Invalid day of week,25,impala spark hive hadoop cloud cloudera,
1792493517,Big Data Bi Teletrabajo, Exis Ti , Madrid ES,Invalid day of week,25,qlik tableau sql,predictivo dwh valorable strategy multidimensionales cpm frameworks certificaciones
1819661853,Disease Area Head Hematology, BMS , Madrid ES,0.5,25,r gcp,non-promotional trial-related biopharma económica hcps product-specific can-do actualidad timelines pharmacovigilance 3-5 tl-visits bms's mentoring immunoscience daexperience emac cross-functional
1776706802,Senior Data Scientist, InnoIT , Madrid ES,Invalid day of week,25,etl,integrations
1815810549,INTERNATIONAL RISK DEPARTMENT Software Engineer, BNP Paribas 2 , Madrid ES,3.0,25,python sql java agile,client-oriented devops zone's
1816785913,Técnico soporte Big Data Madrid, Ibermática , Provincia de Madrid ES,2.0,25,impala hive hadoop,banking 23h mantenimientos boadilla telco 7-15 ibermática c1 desarrollarte aplicativos rotativos proactivos certificaciones interfaces
1812954836,Data Scientist Analytics Crm, Ogilvy , Madrid ES,Invalid day of week,25,python tableau sql crm,analysis accionables realizables responsibilidades cuantitativos insights customer leads mining automoción analytics segmentación scientist predictivos learning gtb
1805474770,INTERNATIONAL RISK DEPARTMENT Software Engineer, BNP Paribas 2 , Madrid ES,Invalid day of week,25,python sql java agile,client-oriented devops zone's
1796064556,Big Data and Analytics Specialist Solutions Architect Madrid or Paris, Amazon , Madrid ES,Invalid day of week,25,python scala spark hive sql kafka hadoop aws java cloud,batch-based in-memory 3rd blogs postgre amazon's emr a973178 ­ mongo olap sarl ’ opportunity-affirmative best-practices whitepapers flink hbase elasticsearch roadmaps master's – kinesis analytics emea certifications enablement
1806501160,INTERNATIONAL RISK HUB RISK ANTICIPATION air DATA SCIENTIST, BNP Paribas 2 , Madrid ES,Invalid day of week,25,python r aws azure tensorflow,ecai client-oriented aaai ijcai emnlp bitbucket
1801026778,Tecnico Big Data Hadoop Impala, SOTEC CONSULTING , Madrid ES,Invalid day of week,25,scala impala hive sql hadoop,rozas sotec boadilla n1 user logs 7-15 consulting support operations scripts procesamient experiencie
1801286823,Programador Big Data, Telemail España , Madrid ES,Invalid day of week,25,python sql java azure,valorable relacionales telemail marchine html poligono postúlate outsourcing alcobendas avalan learning
1816552422,Programadores Java Big Data, Grupo INVOIN , Madrid ES,5.0,25,scala spark hive kafka hadoop java,00viernes ¡ gestionamos 00funciones solventando invoin alcobendas
1811459258,Consultor de Big Data Madrid remote, Sentinel IT , Madrid ES,6.0,25,impala spark hive hadoop cloud cloudera,
1812956366,Data Science R Y Phyton H M, Gfi Informatique , Madrid ES,Invalid day of week,25,r,utilities phyton www euronext gfi analytics outsourcing avalan proforma
1781375250,Arquitecto a Big Data Madrid, IT Partner España , Madrid ES,Invalid day of week,25,etl scrum,mdm arquitecturas 15/1999 rt frameworks integradas confluence nrt crossdata ma-busint còdigo especificando 2019-271- arquitectónicas processing batch stratio – … teams jira apply
1819375130,Consultor de Big Data Madrid remote, Sentinel IT , Madrid ES,0.7916666666666666,25,impala spark hive hadoop cloud cloudera,
1801286823,Programador Big Data, Telemail España , Madrid ES,Invalid day of week,25,python sql java azure,valorable relacionales telemail marchine html poligono postúlate outsourcing alcobendas avalan learning
1768494778,Data Engineer ETL Data Analyst and Visualization, DBi Data Business Intelligence , Madrid Area Spain,Invalid day of week,175,python r tableau hive sql apis cloud etl scrum,employer commitments gender dcm disability postgre discriminate computing grounds engineer equal welcomes visualizaciones dbm linked relacionales havas competencies origin @havasmg opportunities php applications git accordance emplearán identity dbi volcados query analytics orientation mysql operations automatizados
1819420835,Data Analyst, Cigna , Madrid ES,Invalid day of week,25,tableau sql cloud agile kpi,touchpoints customer-specific qlikview patient-centered @cigna onboarding action-plan – cigna rdbmsexposure analytics instagram seeyourself dashboards cross-functional ’ non-structured multi-technology
1805153087,ADMINISTRADOR DE SISTEMAS BDM BIG DATA MANAGEMENT, Ibermática , Madrid ES,Invalid day of week,25,spark hadoop cloudera,ambari gestion escalabilidad appliance clústeres
1815530451,PROGRAMADORES BIG DATA, The White Team consulting , Madrid ES,Invalid day of week,25,python r scala spark hive hadoop java cloudera,valorable telecomunciaciones nosql flink … hbase whiteam contrastable map git
1815810549,INTERNATIONAL RISK DEPARTMENT Software Engineer, BNP Paribas 2 , Madrid ES,3.0,25,python sql java agile,client-oriented devops zone's
1793573876,Data Scientist Intelligence Unit ID 200002G7, Prosegur , Madrid Madrid España,Invalid day of week,200,python r spark sql hadoop aws cloud azure,prioritariamente dashboarding llevarán nuestros — prosegur sanitarias prevención procesos prosgur otras agilidad selección candidatos establecidas google ’ cumplir bias-variance cutting-edge instance-based buscamos autoridades garantizar través “ telecomunicaciones plataformas medidas cybersecurity ” analytics entrevistas rapidez modeling
1782561839,Data Governance Manager, SOLUNION , Madrid y alrededores España,Invalid day of week,132,kpi,solunion transversales retributivo organizativa priorización intelligent ´ interdependencias governance valorará azca proactividad ​ automation b2
1819396078,Data Scientist, SlashMobility , Madrid ES,0.75,25,python scala spark hive aws java cloud azure keras sklearn,comunicativas disruptivo py r-project xgboost similiar scientist predictivos multidisciplinar mllib learning
1787887911,Data Scientist Trainee, Ericsson , Madrid ES,Invalid day of week,25,tensorflow keras,internship ict eeo 5g – nondiscrimination game-changing req analytics scikit lstm ’ hyperparameter
1713962733,Data Scientist Project Manager, CHEP , Madrid Community of Madrid Spain,Invalid day of week,200,python r tableau sql hadoop aws java,programing spak anomalyes stadistic analytics 1-3 efficienty dashboards quantative ’
1792494842,Data Scientist Operaciones Comerciales, Exis Ti , Madrid ES,Invalid day of week,25,sql etl,¡ ppt optimización dashboards digi vba scientist rpa
1817032310,DATA SCIENCE, Antal International , Madrid ES,2.0,43,python r tableau,dashboards kpis matlab microstrategy
