id,title,company,location,posted,applicants,level,type,functions,industries,key_words,misspelled_words
1819012136,Data Scientist,Bulb,"London, England, United Kingdom",3.0,0, Entry level , Full-time , Engineering Information Technology , Computer Software Internet Financial Services,python sql aws gcp cloud azure,£ ’ we're technology-led
1813618370,Data Scientist - Contract / Freelance - Remote,Data Idols,"London, England, United Kingdom",3.0,0, Mid-Senior level , Full-time , Analyst Information Technology Other , Information Technology and Services Transportation/Trucking/Railroad Retail,python,data-led
1707100618,Data Scientist,Flamingo,"London, England, United Kingdom",28.0,0, Internship , Full-time , Information Technology Research Analyst , Marketing and Advertising Market Research,python apis java,aren visualisations evidence-based ’ sneaker-head omnicom reverse-engineering sckit-learn · analytics linux ‘ performant visualizations
1814865565,Data Scientist,Sentinel,"London, England, United Kingdom",2.0,95 , Mid-Senior level , Full-time , Engineering Information Technology , Information Technology and Services,python r sql aws gcp cloud azure,annum £ keiran ’ fivetran covid analytics up-to certifications dashboards
1813075669,"Decision Scientist, WhatsApp",WhatsApp Inc.,"London, England, United Kingdom",3.0,62 , Not Applicable , Full-time , Engineering Information Technology , Internet,python r hive sql hadoop mining,hypothesis-driven test-learn-optimize analytics master's visualizations open-source infographic py stata data-savvy ’ understand-test-measure-optimize facebook we're ” “ dashboards dplyr facebook's iterating data-based modeling rstudio cross-functional google
1793233602,Data Scientist,Lorien,"London, England Metropolitan Area",5.0,0, Associate , Full-time , Information Technology , Staffing and Recruiting Information Technology and Services,python scala spark cloud agile tensorflow,py ’ flink – mllib cross-functional telco samza open-source google
1797089834,Data Scientist,Mind Detect,"London, England, United Kingdom",3.0,0, Mid-Senior level , Full-time , Engineering Information Technology Science , Financial Services Computer Software,python aws java gcp cloud,’ experimentations we're – world-leading analytics impactful
1817931447,Data Scientist,Fractal Labs,"London, England, United Kingdom",4.0,0, Entry level , Full-time , Engineering Information Technology , Information Technology and Services Computer Software Financial Services,python aws,’ scikit-learn work-life analytics numpy scipy
1813099066,Data Scientist Lead- People Analytics,Barclays,"London, England, United Kingdom",2.0,133 , Mid-Senior level , Full-time , Information Technology Science Engineering , Information Technology and Services Program Development Human Resources,python r qlik tableau scala spark hive sql aws cloud azure agile keras mongo,py mentoring ideation frequentist c-suite ’ data-led cloud-based analytics dlr datastax google
1777484794,Data Scientist,Unilever,"London, England, United Kingdom",14.0,171 , Not Applicable , Full-time , Engineering Information Technology , Consumer Goods Food & Beverages Food Production,python r impala spark hive hadoop cloud azure agile,4g ’ multi-source high-dimensionality low-touch gpus 1-4 naïve analytics data-science anylogic ” “
1793298775,Data Scientist,EvolveAI,"London, England Metropolitan Area",4.0,160 , Mid-Senior level , Contract , Information Technology Research , Computer Software Management Consulting,python r sql mining,you're analytics
1821709472,"Junior Data Scientist / Data Scientist | £35,000 – 60,000",Arthur,"London, England, United Kingdom",5.0,0, Entry level , Full-time , Engineering Information Technology , Staffing and Recruiting Insurance Financial Services,python sql java,through-out analytics
1819483768,"Data Scientist, Product",Facebook,"London, England, United Kingdom",2.0,60 , Not Applicable , Full-time , Engineering Information Technology , Internet,python r hive sql hadoop etl mining,vertica php stata perl facebook we're facebook's mysql iterating self-starter instagram analytics internet-based matlab dashboards
1821895847,Data Scientist,Telegraph,"London, England, United Kingdom",21.0,0, Entry level , Full-time , Engineering Information Technology , Information Technology and Services Staffing and Recruiting Financial Services,python r sql mining,£ ocado ‘ 10th ’ you'll 25m 2020if – garmin analytics visualizations
1816382095,Data Scientist,Artefact,"London, England, United Kingdom",5.0,0, Entry level , Full-time , Engineering Information Technology , Marketing and Advertising Internet Management Consulting,agile,business-centric ’ 1-2 skyrocketing modeling
1760652956,Data Scientist,Huxley,"London, England, United Kingdom",28.0,0, Mid-Senior level , Full-time , Engineering Information Technology Finance , Staffing and Recruiting,python r,£ analytics 70-100 ’
1795022598,Data Scientist - London - £60k - 2 days remote,Avanti,"London, England, United Kingdom",21.0,104 , Entry level , Full-time , Engineering Information Technology , Information Technology and Services Computer Software Staffing and Recruiting,python sql azure,py mentoring £ ’ 60k analytics
1820054515,Data Scientist,Beamery,"London, England, United Kingdom",2.0,0, Entry level , Full-time , Engineering Information Technology , Information Technology and Services Computer Software Internet,python r sql java cloud mining,stata beamery analytics modeling matlab
1789086865,Data Scientist,Racing Post,"London, England, United Kingdom",28.0,120 , Mid-Senior level , Full-time , Analyst , Sports,python sql agile mining,data-based company's
1794163612,"Jnr Data Scientist - £30-45K – Python, Java, XML",Oliver Bernard,"London, England, United Kingdom",3.0,114 , Associate , Full-time , Information Technology , Staffing and Recruiting,python java,£ ’ 30-45 1-2 – analytics xml they're
1815321256,Data Scientist,La Fosse Associates,"London, England, United Kingdom",2.0,115 , Mid-Senior level , Full-time , Information Technology Analyst Science , Information Technology and Services Consumer Services Utilities,python r sql cloud azure,50k py cutting-edge scikit-learn · analytics data-science 70k uk's matlab
1816950713,Data Scientist (All Levels),Premier Group Recruitment,"London, England, United Kingdom",4.0,0, Mid-Senior level , Full-time , Information Technology , Information Technology and Services,python,£ krufus ’ @premierituk analytics
1757162290,Data Scientist,GroupM,"London, England, United Kingdom",7.0,106 , Entry level , Full-time , Engineering Information Technology , Marketing and Advertising Computer Software Internet,python r sql etl,@group self-starter critical-thinking mworldwide linkedin wavemaker ’ www https cutting-edge cross-media mindshare xaxis brand-safe outcomes-driven groupm mgroup modeling 113b mdiscover enablement
1820363644,Data Scientist,Hitachi,"London, England, United Kingdom",2.0,0, Entry level , Full-time , Engineering Information Technology , Information Technology and Services Management Consulting Financial Services,python r spark hive hadoop java agile mining,untaken company's analytics matlabis machine-learning self-funded gurobi
1781008300,Data Scientist - AI Consultancy ,Bamboo Crowd ,"London, England, United Kingdom",21.0,0, Associate , Full-time , Information Technology Consulting , Information Technology and Services Management Consulting,python,py ’ empathising unittest themas roleas python's production-ready pytest ideating
1782579979,Data Scientist - AI Consultancy ,Bamboo Crowd ,"London, England, United Kingdom",21.0,0, Associate , Full-time , Information Technology Consulting , Information Technology and Services Management Consulting,python,py ’ empathising unittest themas roleas python's production-ready pytest ideating
1820670764,Data Scientist,Aspire,"London, England, United Kingdom",2.0,0, Entry level , Full-time , Engineering Information Technology , Marketing and Advertising Staffing and Recruiting Financial Services,r sql,£ 000london analytics upskilling
1746217444,Junior Data Scientist (Python) - Quant Fund - £112k + Bonus,Hunter Bond,"London, England, United Kingdom",21.0,0, Associate , Full-time , Information Technology Engineering Research , Information Technology and Services Computer Software Financial Services,python,quants £ cutting-edge ’ industry-leading top-tier – non-competes
1744006854,Data Scientist,Trust In Soda Ltd,"London, England, United Kingdom",7.0,0, Mid-Senior level , Full-time , Information Technology Other , Music Information Technology and Services,python,enagegements brighest
1779345762,Associate Data Scientist (EMEA) - Premium Analytics,Spotify,"London, England, United Kingdom",14.0,0, Not Applicable , Full-time , Engineering Information Technology , Marketing and Advertising Computer Software Internet,python r sql hadoop,tech-powered 100m ’ revolutionizing analytics emea creatives spotify it's podcasting dashboards
1818912765,Data Scientist,LabGenius,"London, England, United Kingdom",3.0,0, Entry level , Full-time , Engineering Information Technology , Research Financial Services Biotechnology,,10am visualisations pharma 4pm
1796270424,Data Scientist,Gousto,"London, England, United Kingdom",4.0,0, Entry level , Full-time , Engineering Information Technology , Information Technology and Services Computer Software Internet,sql aws,hoodie productionisation ideation ’ gousto algorithmically – self-starter analytics data-science machine-learning most-loved uk's
1820324709,Data Scientist,ENTIAliving,"London, England, United Kingdom",2.0,0, Entry level , Contract , Engineering Information Technology , Medical Devices Internet Hospital & Health Care,python,creasphere 5m entia
1784973294,"Junior Data Scientist / Data Scientist | £35,000 – 60,000",Arthur Financial ,"London, England, United Kingdom",28.0,136 , Entry level , Full-time , Engineering Information Technology , Staffing and Recruiting Insurance Financial Services,python java,workingwith sqldatabases gainexposure suchas through-out widerange andinnovative analytics ofmachine toreport
1820315115,Data Scientist,Quantexa,"London, England, United Kingdom",2.0,0, Entry level , Full-time , Engineering Information Technology , Information Technology and Services Computer Software Financial Services,python r scala spark sql hadoop java agile scrum,cyclescheme quantexa kyc lucene techscheme analytics
1797511929,Data Scientist - Research Strategy (VP),Jefferies,"London, England, United Kingdom",14.0,35 , Mid-Senior level , Full-time , Research , Investment Banking Financial Services Research,python r scala sql,vba kpis buy-side ” “ modeling programing
1764798277,Data Scientist,Mana Search,"London, England, United Kingdom",4.0,0, Associate , Full-time , Analyst Consulting Project Management , Financial Services Management Consulting,python sql,you're sceince … strated analytics linux experince
1804772526,Chief Data Scientist,Albert Bow,"London, England Metropolitan Area",7.0,93 , Mid-Senior level , Full-time , Information Technology , Computer Software Information Technology and Services,python r,£ ai-powered mentoring hackathons @albertbow jonojonowoodward … tech-savvy cto quartley analytics 7m
1773753945,Data Analyst,TP ICAP,"London, England, United Kingdom",28.0,0, Entry level , Full-time , Analyst , Financial Services,crm,icap ’ · qlikview
1820054813,Data Scientist - Research Team,causaLens,"London, England, United Kingdom",2.0,0, Entry level , Full-time , Engineering Information Technology , Information Technology and Services Computer Software Financial Services,python agile,work-from-home mission-driven companyvision deeptech commercialising global_economy ’ www high-achieving productisation startups work-life hotwire msci @causa newswire use-cases curve-fitting ‘ overfit
1790434807,Junior Data Scientist - London,Echobox,"London, England, United Kingdom",21.0,122 , Entry level , Full-time , Other , Internet,python r sql hadoop java,microservices board-games se7 github karting cto we'd research-driven dvcs open-source echobox
1789349373,Data Analyst - London,Trouva,"London, England, United Kingdom",28.0,115 , Entry level , Full-time , Information Technology , Marketing and Advertising Internet Retail,,software-enabled 3rd magazine's … marke tnw trouva startups uk's
1793517030,Data Scientist,Tata Consultancy Services,"London, England, United Kingdom",21.0,0, Associate , Full-time , Engineering Information Technology , Information Technology and Services,python r java cloud,ukwho ’ problem-solver … kaggle production-ready bfsi ggplot modeling k-means
1820256369,Data Scientist,Mobilise IT Pty Ltd,"London, England, United Kingdom",2.0,0, Entry level , Full-time , Engineering Information Technology , Computer Software Internet Staffing and Recruiting,python r spark sql keras,py clientfacing introductionmobilise requirementsthe website informationimportant highlevel enterpriselevel scikit rolethe mc3 worldleading realworld highprofile dask fastestgrowing startups matlab
1796260758,Data Scientist - Senior Role - Sustainability Agriculture,Undisclosed,"London, England, United Kingdom",2.0,41 , Mid-Senior level , Full-time , Analyst Supply Chain , Food Production Airlines/Aviation,python r sql agile,covid analytics
1820243607,Data Scientist,Signal International,"London, England, United Kingdom",2.0,0, Entry level , Full-time , Engineering Information Technology , Marketing and Advertising Computer Software Internet,,gmg postdoc analytics 12m
1788312650,Data Science Consultant,Adobe,"London, England, United Kingdom",7.0,0, Mid-Senior level , Full-time , Information Technology , Marketing and Advertising Information Technology and Services Internet,python r tableau spark sql cloud azure,py multi-task pythoncomplex adobe's predictioncommon — ’ deliverables sagemaker blog jupyter client's analytics emeawhat modeling google
1807369350,Data Scientist - London Market,Age Partnership,"London, England, United Kingdom",14.0,0, Entry level , Full-time , Engineering Information Technology , Staffing and Recruiting Insurance Financial Services,python r,gbms website 0151 224 1480 rshiny glms sellick
1811064698,Data Scientist (HealthyHealth),Founders Factory ,"London, England, United Kingdom",7.0,29 , Entry level , Full-time , Engineering Information Technology , Marketing and Advertising Online Media Internet,python r tableau b2b b2c agile,positionthe £ todevelop 8p ’ startups tech-for-social-good 1-15 self-starter analytics ” “
1793227878,Data Scientist,RSSB,"London, England, United Kingdom",5.0,53 , Associate , Full-time , Information Technology Analyst , Transportation/Trucking/Railroad,python r sql,visualisations rssb analytics deliverables
1811567106,Data Scientist,Xcede,"London, England, United Kingdom",4.0,107 , Not Applicable , Full-time , Information Technology Research , Computer Software Information Technology and Services Research,python tensorflow,’ svm product's lstm @xcede – we're xcede's rnns 0)203 301 9908 google
1794474074,Data Scientist,Brilliant Basics,"London, England, United Kingdom",14.0,0, Mid-Senior level , Contract , Engineering Information Technology Strategy/Planning , Design,cloud mining,groundbreaking c-suite ’ psycho-analytical analytics visualizations modeling
1821530031,Data Scientist,z1nc,"London, England, United Kingdom",6.0,0, Entry level , Full-time , Engineering Information Technology , Information Technology and Services Computer Software Internet,python sql aws gcp cloud,scikit-learn kpis ldasvmk-nearest analytics numpy matplotlib k-means
1808389636,Data Scientist,WeAreAspire,"London, England, United Kingdom",28.0,0, Entry level , Full-time , Engineering Information Technology , Marketing and Advertising Staffing and Recruiting Financial Services,r sql,£ 000london analytics upskilling
1792540789,Junior Data Scientist,Bodhi Resourcing,"London, England, United Kingdom",21.0,67 , Entry level , Full-time , Engineering Information Technology , Marketing and Advertising Information Technology and Services Computer Software,python tensorflow keras,5mb py £ docx pytorch scale-ups ’ 3d scikit-learn opencv … numpy upload
1766851710,Data Scientist - EU,GSK,"Hounslow, England, United Kingdom",21.0,47 , Not Applicable , Full-time , Strategy/Planning Analyst Information Technology , Pharmaceuticals,python r qlik tableau sql agile,science-led gsk's customer-impacting 0808 234 4391 bioinformatics analytics rshiny heor pycharm omni-channel gsktech ukdiversity ’ euvii 12th @gsk jupyter … – data-based ehr svm 2020data rmodel gsk standardsexecute
1783062469,DATA SCIENTIST,Trilateral Research,"London, England, United Kingdom",28.0,31 , Entry level , Contract , Engineering Information Technology , Information Technology and Services Nonprofit Organization Management Financial Services,python java cloud keras sklearn,commission-funded post-holder analytics trilateralresearch nltk www cloud-based h2020 scientisttrilateral matplotlib “ ” ie-based blogs peer-reviewed … research-intensive curation social-tech deliverables numpy
1783486100,"Data Scientist - £50 - 60,000 + bonus + flexibens",Full Circle Recruitment Ltd,"London, England, United Kingdom",28.0,199 , Mid-Senior level , Full-time , Analyst Consulting , Banking Financial Services,python r apis azure tensorflow keras,£ science-led py flexibens ’ matrix-style cloud-based scienceprofessionals
1796864943,Data Scientist,Department of Work and  Pensions,"London, England, United Kingdom",21.0,0, Entry level , Full-time , Engineering Information Technology , Information Technology and Services Computer Software Financial Services,python r cloud agile,we'll you'll dwp work-life self-starter analytics open-source individual's £ mentoring what's heo gdpr we're we'd it's annum seo uk's deliverables design-focused cross-functional impactful easy-to-reach
1766828982,Data Scientist,YOOX NET-A-PORTER GROUP,"London, England, United Kingdom",21.0,46 , Not Applicable , Full-time , Engineering Information Technology , Marketing and Advertising Information Technology and Services Retail,python sql,toolsets ’ net-a-porter yoox k-means
1816925258,Data Scientist,Third Republic - Recruitment Solutions for Digital Transformation,"London, England, United Kingdom",28.0,0, Entry level , Full-time , Engineering Information Technology , Information Technology and Services Computer Software Financial Services,aws gcp cloud azure,£ inmathematics — ’ positive-human yourbusiness out-of-the-box shouldn 762 2667 andeconomics on0203 google
1796067184,Lead Data Scientist (UK Remote),Amber Resourcing ,"London, England, United Kingdom",14.0,181 , Mid-Senior level , Full-time , Information Technology , Staffing and Recruiting,python sql mining,py plotly ’ 0117 933 1777 scikit-learn seaborn self-starter analytics numpy 15th curation
1793280411,Data Analyst,Discovery Inc,"London, England Metropolitan Area",4.0,100 , Associate , Full-time , Information Technology Analyst , Entertainment Broadcast Media Online Media,tableau sql,envision ’ scoping direct-to-consumer emr timelines 2-3 analytics dashboards
1694517484,Data Scientist,Ocado Technology,"London, England, United Kingdom",21.0,0, Entry level , Full-time , Information Technology , Information Technology and Services Computer Software Internet,python sql java cloud,ocado mid-level ‘ ’ theano online-only scikit-learn osp websites – productionised ” “ ocado's
1821765577,Data Scientist | London or UK Remote | Insuretech,Arthur,"London, England, United Kingdom",4.0,0, Entry level , Full-time , Engineering Information Technology , Staffing and Recruiting Insurance Financial Services,python spark aws docker,£ py 2nd ’ insuretech scikit-learn – 1-6 timeseries on-demand geolocation rdbmss
1820362191,Data Analyst,Bench Direct,"London, England, United Kingdom",2.0,0, Entry level , Full-time , Information Technology , Information Technology and Services Computer Software Financial Services,python r sql mining,annum ghg analytics linux
1818755971,Data Scientist Consultancy,Metrica Recruitment,"London, England, United Kingdom",3.0,0, Entry level , Full-time , Engineering Information Technology , Information Technology and Services Staffing and Recruiting Financial Services,python r sql cloud azure,analytics
1792791131,Data Analyst,Burns Sheehan,"London, England, United Kingdom",21.0,0, Mid-Senior level , Full-time , Information Technology , Information Technology and Services Computer Software,tableau sql,£ ’ – · analytics technology-focused impactful 000-40
1821817085,Data Scientist,Spotlight Sports Group,"London, England, United Kingdom",28.0,0, Entry level , Full-time , Engineering Information Technology , Marketing and Advertising Information Technology and Services Internet,python sql agile mining,data-based ’
1701598109,Data Scientist,Zynga,"London, England, United Kingdom",14.0,0, Entry level , Full-time , Engineering Information Technology , Computer Games Computer Software Entertainment,python tableau spark sql etl,vertica cross-discipline ’ zynga ™ roadmaps – work-life impactfully production-grade analytics databricks multitask problem-solve
1818802814,Data Analyst,incite insight,"London, England, United Kingdom",3.0,0, Entry level , Full-time , Information Technology , Information Technology and Services Computer Software Financial Services,python r sql mining,annum £ ’ ghg analytics linux t-sql
1816712080,Data Scientist - Big Data & AI,Vodafone,"City of Westminster, England, United Kingdom",5.0,80 , Not Applicable , Full-time , Strategy/Planning , Information Services Information Technology and Services Telecommunications,python qlik tableau spark sql hadoop,2021includes ’ groupresourcing learning-based non-birthing … analytics https application-related life-at-vodafone � @vodafone
1801030291,Junior Data Analyst,Incite Insight,"London, England, United Kingdom",14.0,28 , Associate , Full-time , Information Technology , Information Technology and Services Computer Software Financial Services,python r sql mining,annum £ ghg analytics linux t-sql
1087608876,Data Scientist,Harnham,"London, England, United Kingdom",3.0,0, Mid-Senior level , Full-time , Research Marketing Science , Computer Software Research Information Services,python aws gcp cloud,world's £ devops 5-6 cloud-based 100mn company's chatbot analytics learning-led lanaguage
1813656217,Data Analyst,Explore Group,"London, England, United Kingdom",3.0,0, Mid-Senior level , Full-time , Engineering Information Technology , Computer Software Information Technology and Services Insurance,python tableau sql crm,fintech microservices £ ’ disruptors covid kaio insurtech – @exploreltd analytics desouza google onboarding
1766372603,Data Scientist,NP Group,"London, England, United Kingdom",21.0,71 , Entry level , Full-time , Information Technology , Information Technology and Services,tensorflow keras sklearn,£ catfishing py ‘ ’ @groupnp – … 65k bootstrapping whatsapp https khaleed
1792642857,Data Scientist - London Market,Sellick Partnership,"London, England, United Kingdom",21.0,0, Entry level , Full-time , Engineering Information Technology , Staffing and Recruiting Financial Services Accounting,python r,gbms website jws 19/03 0151 224 1480 rshiny glms sellick
1783403208,Data Scientist ,TEKsystems,"London, England, United Kingdom",28.0,0, Mid-Senior level , Full-time , Information Technology , Construction Information Technology and Services,python r qlik tableau sql aws,world's £ allegis swiss-u easi talentis www en-gb privacy-notices eu-u https allegisgroup ehatter aerotek teksystems @teksystems
1789817709,"Innovation, Technology and Transformation - Senior Data Scientist - Open to flexible working",EY,"London, England, United Kingdom",7.0,33 , Not Applicable , Full-time , Other , Accounting Financial Services,python r apis azure tensorflow keras,proof-of-concepts blockchain py sub-service pasto sqladvanced ’ cloud-based upskilling – 4bn people-related analytics appli
1782679178,Data Scientist,Agile Software,"London, England, United Kingdom",28.0,0, Entry level , Full-time , Engineering Information Technology , Information Technology and Services Computer Software Staffing and Recruiting,apis mining,bs1192 cobie geospatial analytics
1818842230,Data Scientist,SOURCE TECHNOLOGY,"London, England, United Kingdom",3.0,0, Entry level , Contract , Engineering Information Technology , Information Technology and Services Staffing and Recruiting Financial Services,python scala spark cloud tensorflow,py desireable mllib internations evergrowing ir35
1783081333,Data Scientist,Nigel Frank International,"London, England, United Kingdom",28.0,0, Entry level , Contract , Engineering Information Technology , Information Technology and Services Computer Software Staffing and Recruiting,,horeca
1715479087,Senior Data Scientist,Quotacom,"London, England, United Kingdom",21.0,87 , Mid-Senior level , Full-time , Analyst Information Technology , Information Technology and Services Consumer Goods Consumer Services,r,privacy-notice ’ @quotacom www quotacom analytics 441273 3114 people's
1820074142,Data Scientist ML AI,Arden Resourcing Limited,"London, England, United Kingdom",2.0,0, Entry level , Full-time , Engineering Information Technology , Information Technology and Services Computer Software Staffing and Recruiting,python r spark sql agile keras mining,scikit 0learn analytics matlab
1807537690,Data Science Analyst,Man Group,"London, England Metropolitan Area",7.0,0, Associate , Full-time , Finance , Investment Management Financial Services,python sql mongo,py ’ scoping jira – analytics linux on-boarding ﻿ self-organised dashboards
1806619033,Data Analyst - Flexible Working Available,Argenta Discovery,"London, England, United Kingdom",14.0,0, Entry level , Full-time , Information Technology , Marketing and Advertising Online Media Broadcast Media,python r tableau agile crm scrum,py envision ’ scoping direct-to-consumer scikit-learn dplay's emr timelines analytics svod certifications dashboards
1786215591,Data Scientist,Set2Recruit ,"London, England, United Kingdom",28.0,0, Entry level , Full-time , Engineering Information Technology , Computer Software Staffing and Recruiting Hospital & Health Care,python sql azure,py analytics jupyter wfh
1813075359,"Data Scientist, Performance Marketing",King,"London, England, United Kingdom",4.0,34 , Not Applicable , Full-time , Engineering Information Technology , Computer Games Computer Software Entertainment,python r hive sql,2020king 9th ’ internships debug king's we're activision analytics isn't ltv 6th 2020application
1701161677,Data Scientist,NaturalMotion,"London, England, United Kingdom",14.0,114 , Entry level , Full-time , Engineering Information Technology , Computer Games Computer Software Entertainment,python tableau spark sql etl,vertica cross-discipline ’ zynga ™ roadmaps – work-life impactfully production-grade analytics databricks multitask problem-solve
1822548457,Data Scientist/Engineer - Central London - Negotiable Salary,Jefferson Frank,"London, England, United Kingdom",0.7916666666666666,0, Entry level , Full-time , Engineering Information Technology , Information Technology and Services Computer Software Staffing and Recruiting,python spark aws gcp cloud,macbook we're certifications
1818490292,Data Scientist/Data Engineer,Sentinel,"London, England, United Kingdom",3.0,0, Entry level , Full-time , Engineering Information Technology , Information Technology and Services Computer Software Staffing and Recruiting,python scala sql,workflows
1821512314,"Jnr Data Scientist - £30-45K - Java, XML",Wincanton,"London, England, United Kingdom",0.9166666666666666,0, Entry level , Full-time , Engineering Information Technology , Information Technology and Services Computer Software Internet,python java,£ 30-45 1-2 analytics that'll master's xml they're
1789324777,Data Scientist,Lexis Nexis,"London, England, United Kingdom",28.0,0, Entry level , Full-time , Engineering Information Technology , Information Technology and Services Computer Software Financial Services,,nexis www end-to-endplatform totaljobs /8 weinstantly decisioning metrix personalizethe
1738819776,"Data Scientist-UK, London",MOLOCO,"London, England, United Kingdom",21.0,156 , Mid-Senior level , Full-time , Information Technology Research Engineering , Marketing and Advertising Computer Software,sql mining,ad-tech multi-task ever-evolving ’ moloco self-starting website www molocoads hyper-growth analytics self-initiative curation google petabytes
1786238792,Data Scientist - London - Flexible working,WMRecruit ,"London, England, United Kingdom",28.0,0, Entry level , Full-time , Engineering Information Technology , Information Technology and Services Staffing and Recruiting Financial Services,spark neo cloud azure b2b,py 4j visualisations website databricks wmrecruit
1713962712,Data Scientist - Contract,Masentó Group,"London, England, United Kingdom",7.0,0, Mid-Senior level , Contract , Information Technology , Information Technology and Services,scala spark tensorflow keras,upselling ’ api's pyspark masentó
1814868535,Data Analyst (Research),Hays,"Camden, England, United Kingdom",3.0,0, Entry level , Full-time , Information Technology , Construction Staffing and Recruiting Financial Services,,you're £ evidence-based you'll work-life self-starter analytics isn't
1818734618,Data Scientist on England,The Faculty,"London, England, United Kingdom",3.0,0, Entry level , Full-time , Engineering Information Technology , Information Technology and Services Computer Software Internet,python r spark sql keras,py rsquo covid scikit mc3 dask postdoc matlab
1783875913,Data Scientist (Associate),Financial Conduct Authority,"London, England, United Kingdom",7.0,78 , Associate , Full-time , Legal Strategy/Planning , Financial Services Legal Services,python r tableau sql java,fca's cutting-edge ’ dashboarding ciara @fca self-starter analytics cartan e20 fcaat 1jndivision 15th
1589523755,Data Scientist - Retail Growth,Revolut,"London, England, United Kingdom",7.0,0, Entry level , Full-time , Engineering Information Technology , Computer Software Internet Financial Services,python sql,deliveroo you'll ’ fee-free – we're cross-functional cryptocurrency infrastructurea revolut full-stack ‘ operationalizable
1807795274,Data Scientist (R1123873),IQVIA,"London, England, United Kingdom",14.0,58 , Entry level , Full-time , Engineering Information Technology , Pharmaceuticals,,quintiles ™ r1123873 analytics iqvia
1821880155,Data Scientist,"Revolution Technology, Inc.","London, England, United Kingdom",0.7083333333333334,0, Entry level , Full-time , Engineering Information Technology , Marketing and Advertising Computer Software Internet,python r sql,” analytics facebook
1818637423,Chemoinformatics Data Scientist,Benevolent,"London, England, United Kingdom",14.0,0, Entry level , Full-time , Engineering Information Technology , Research Biotechnology Pharmaceuticals,python r,pharmacophore qsar multi-parameter py roleyou ’ chemoinformatics you'll scikit-learn ™ rdkit sarcopenia cross-functional bioinformatics structure-based
1821433641,Lead Data Scientist,Method Resourcing,"London, England, United Kingdom",6.0,0, Associate , Full-time , Other , Information Technology and Services Computer Software Staffing and Recruiting,python sql crm,rprogramming £ you'll 1st saswant @methodresourcing analytics 0117 312 6771 alteryx 000location they're google
1790434541,Lead Data Scientist,FR Executive,"London, England, United Kingdom",21.0,108 , Mid-Senior level , Full-time , Consulting Information Technology , Staffing and Recruiting,python r sql cloud,mentoring scikit-learn mllib refactoring containerisation caret
1772999175,Data Analyst,Mercer,"London, England, United Kingdom",4.0,93 , Not Applicable , Full-time , Information Technology , Insurance Management Consulting,,comfor @mercer — visitwww ’
1789937160,Data Scientist,CACI Ltd,"Kensington and Chelsea, England, United Kingdom",28.0,50 , Entry level , Full-time , Engineering Information Technology , Marketing and Advertising Information Technology and Services Computer Software,python r qlik tableau sql,annum £ meettheir teamthe tosupport ’ 100m caci's 26k 35k self-starter analytics thewer benefitsbase 4bn alteryx @caci deep-dive experiencefamiliar
1779300052,Data Analyst,Referment,"London, England Metropolitan Area",14.0,0, Associate , Full-time , Finance Strategy/Planning Analyst , Financial Services Capital Markets Investment Banking,python sql,referment £ you'll ’ covid data-centric
1798437520,Data Scientist,Oxford Knight Limited,"London, England, United Kingdom",21.0,0, Entry level , Full-time , Engineering Information Technology , Information Technology and Services Computer Software Financial Services,,fintech spforrest ’ market-leader wfh – forrestclick applylinkedin mlcontact
1816518249,BI/Data Analyst,Avance Consulting,"London, England, United Kingdom",5.0,0, Associate , Full-time , Information Technology , Information Technology and Services Computer Software Banking,sql etl,andanalysis macro-writing ’ 3-5  pointensuring andincluding developthe orindividually mdm uat proposealternative t-sql wireframes distinctadvantage
1814070918,Data Analyst,BrighterBox,"London, England, United Kingdom",21.0,0, Entry level , Full-time , Information Technology , Marketing and Advertising Internet Financial Services,sql,huq anonymised pocs
1818788756,Data Scientist,Tria Recruitment,"London, England, United Kingdom",3.0,0, Entry level , Full-time , Engineering Information Technology , Information Technology and Services Computer Software Staffing and Recruiting,python r sql gcp cloud,analytics
1821052002,Data Scientist,AETP,"London, England, United Kingdom",1.0,0, Entry level , Full-time , Engineering Information Technology , Information Technology and Services Computer Software Computer Networking,python,work-from-home alibi-detect scale-up pharma 2-3 linux won't open-source
1788326822,Lead Data Scientist,Schroders,"London, England, United Kingdom",7.0,35 , Not Applicable , Full-time , Other , Investment Management,python r tableau sql,you're doesn't lipper you'll who's we're workflows rshiny analytics morningstar we've alteryx • uk's dashboards
1812821518,Data Science & Engineering,GQR Global Markets,"London, England, United Kingdom",7.0,111 , Mid-Senior level , Full-time , Information Technology Engineering Finance , Banking Information Technology and Services Capital Markets,python sql mining,@gqrgm finance-related yanli linux
1816427221,Data Analyst,Trustpilot,"London, England, United Kingdom",1.0,57 , Not Applicable , Full-time , Information Technology , Internet,python r tableau sql aws cloud agile,visualisations ’ hubspot @trustpilot trustpilot totango self-driven anibaba — work-life analytics delivery-focussed foosball chartio zendesk ‘ ruan google dashboards
1788377631,Data Scientist @ AI Machine-Learning Technology Platform,Grey Matter Recruitment,"London, England, United Kingdom",7.0,160 , Mid-Senior level , Full-time , Marketing Customer Service Analyst , Marketing and Advertising Information Technology and Services,sql,fast-growth ’ customer-centric 20m 6m 120m @greymatterrecruitment analytics on-boarding machine-learning google
1573175729,Data Scientist,DXC Technology,"London, England, United Kingdom",21.0,124 , Mid-Senior level , Full-time , Engineering Information Technology , Information Technology and Services Computer Software Financial Services,python r spark sql kafka hadoop aws cloud azure cloudera tensorflow docker,kubernetes ’ www scikit-learn hortonworks qlick mxnet databricks analytics geospatial virtualisation containerisation dxc google dashboards
1817927115,Data Science Analyst,Opensignal,"London, England, United Kingdom",4.0,0, Entry level , Full-time , Information Technology , Information Technology and Services Computer Software Internet,python r sql agile,opensessions big-data you'll matched-contribution analytics £ high-growth ’ europe's website we're all-company cross-functionally it's dashboards sanitise – opensignalers 24/7 smartphones ‘ deliverables opensignal cross-functional buzzingwith
1684998290,Data Scientist,W2O Group,"London, England Metropolitan Area",7.0,123 , Mid-Senior level , Full-time , Engineering Information Technology Science , Marketing and Advertising Hospital & Health Care,python cloud agile,awsexposure prweek evidence-based awsexperience ’ devops analytics cdexperience impactful w2o etlexperience
1706326081,Mid-Snr Data Scientist,Few&Far (Formerly Knowit),"London, England, United Kingdom",21.0,155 , Mid-Senior level , Full-time , Information Technology Research Engineering , Staffing and Recruiting Computer Software Gambling & Casinos,python r sql,closley attituve nice-to-have's you'll cross-functional pro-actively
1821800007,Data Analyst,Zoopla,"London, England, United Kingdom",7.0,0, Entry level , Full-time , Information Technology , Marketing and Advertising Computer Software Internet,python r tableau sql b2b b2c agile kpi,’ dashboards kpis zoopla we're cross-functional re-imagine … analytics data-informed
1782516307,Head of Data Science,bpesearch,"London, England Metropolitan Area",14.0,114 , Director , Full-time , Other , Consumer Goods Retail,,paulbendelow e-commerce analytics bpe pureplay bendelow @bpesearch
1792829970,Data Scientist,Kindred Group plc,"London, England, United Kingdom",21.0,70 , Entry level , Full-time , Engineering Information Technology , Marketing and Advertising Computer Software Internet,python r scala java,kyc sportsbook 1-2 contextualization we're analytics customer's
1817958708,Data Scientist,Kindred Group plc,"London, England, United Kingdom",21.0,70 , Entry level , Full-time , Engineering Information Technology , Marketing and Advertising Computer Software Internet,python r scala java,kyc sportsbook 1-2 contextualization we're analytics customer's
1784992680,Data Scientist - Machine Learning,AI-Adam,"London, England, United Kingdom",28.0,0, Entry level , Full-time , Engineering Information Technology , Information Technology and Services Computer Software Internet,python,learningalgorithms informationnull orengineering aistartups buildscalable asthe client-facing linux expertisethroughout sourceand
1791467999,Data Scientist - EU Workforce Staffing,Amazon,"London, England, United Kingdom",21.0,53 , Not Applicable , Full-time , Engineering Information Technology , Computer Software Information Technology and Services Internet,python r sql,deliverables ’ academic-styled a1069464 quasi-experimental self-motivate sarl master's
1821064171,Machine Learning Engineer / Data Scientist,Visii,"London, England, United Kingdom",1.0,0, Entry level , Full-time , Engineering Information Technology , Marketing and Advertising Computer Software Internet,tensorflow keras,scikit-learn visii individual's py ’ 2vec out-of-stock medium-large saatchiart “ ” visualisations e-commerce recommender in-stock convolutional recruitersdescription ‘ vsearch we've vc-backed google artmatch
1807449595,Data Scientist,Tamr Inc.,"London, England, United Kingdom",14.0,41 , Mid-Senior level , Full-time , Engineering Information Technology Consulting , Computer Software,python r spark hadoop java cloud,etlhands-on vertica human-in-the-loop customer-facing ’ rollouts stonebraker eeo outward-facing dashboarding sqlwillingness gsk business-changing tamr awsdev co-founding enterprise-scale
1718243056,Senior Data Scientist - NLP/Research,Logikk,"London, England, United Kingdom",28.0,118 , Mid-Senior level , Full-time , Research Information Technology Engineering , Information Technology and Services Research Computer Software,python neo tensorflow,£ 4j 020 3005 ’ logikk – convolutional productionise gcns @logikk
1815323009,Machine Learning Engineer - Data Science,Oho Group Ltd,"London, England, United Kingdom",2.0,94 , Mid-Senior level , Full-time , Information Technology Engineering , Computer Software Information Technology and Services,,cto excpetional
1807129091,Senior Data Scientist,Whitehat Analytics Limited,"London, England, United Kingdom",7.0,64 , Mid-Senior level , Full-time , Information Technology , Information Technology and Services,python r scala sql neo aws java cloud agile tensorflow keras docker mongo,4j kubernetes numba maven team-wide managemento lucene seaborn learningo analytics hbase hyper-parameter couchbase elasticsearch tkinter mentoring ’ gensim technology-driven analyticswhitehat covid · adaboost @whitehatanalytics howwe toolchain matplotlib cmu gradle caffe business-focused xgboost visualisations theano jupyter – whitehat processas communicationso linux dask ansible scipy bokeh overviewwe awt lastname applicationto virtualisation numpy
1806358751,Senior Data Scientist,KDR Recruitment Ltd,"London, England, United Kingdom",7.0,35 , Mid-Senior level , Full-time , Information Technology Science , Information Technology and Services Computer Software Insurance,python r aws etl docker,postgres kubernetes hackathons mentoring dbt ’ knowledge-sharing video-games jupyter insurtech – … cross-functional terraform ‘
1820392136,Data Scientist,83zero Ltd,"London, England, United Kingdom",2.0,0, Entry level , Full-time , Engineering Information Technology , Information Technology and Services Computer Software Staffing and Recruiting,python spark hive hadoop aws cloudera agile tensorflow,proof-of-concepts py parallelization theano hortonworks emr mllib analytics sqlrequired
1782527090,"Senior Data Scientist, Britbox",ITV,"London, England, United Kingdom",14.0,26 , Mid-Senior level , Full-time , Analyst Information Technology , Consumer Services Information Technology and Services Online Media,python r spark sql aws gcp cloud,30m t-testing self-starter itvjobs analytics-driven £ why-join-us ’ www upskilling we're 14th talkingcareers cutting-edge @itv http vod … subscription-based productionise dask svod bokeh britbox plotly boxsets google
1818682293,Data Analyst,The Health Foundation,"London, England, United Kingdom",7.0,0, Entry level , Full-time , Information Technology , Nonprofit Organization Management Government Administration Hospital & Health Care,r,2020to analytics 2022the
1752441979,"Data Scientist, Managed Rules","Cloudflare, Inc.","London, England, United Kingdom",14.0,49 , Entry level , Full-time , Engineering , Information Technology and Services Internet Computer & Network Security,python tableau scala spark hive sql cloud,waf-based analytics audience-focused productizing learnings consumer-focused ’ customers--at @cloudflare clickhouse 3-7 world's kpis cloudflare wirefilter linux person's proof-of-concept resolver firewall modelscores mrap waf cannot privacy-centric google
1619399856,Senior Data Scientist,Expedia Group,"London, England, United Kingdom",14.0,98 , Associate , Full-time , Information Technology ," Computer Software Information Technology and Services Leisure, Travel & Tourism",python spark sql hadoop cloud,you'll lastminute scikit-learn timelines hotwire analytics wotif people's travelocity high-growth ’ orbitz we're it's egencia world's traveldoo – they'll ® you're groundbreaking expedia trivago ™ ebookers we've super-motivated
1820303621,Data Scientist on England,Fnatic,"London, England, United Kingdom",2.0,0, Entry level , Full-time , Engineering Information Technology , Marketing and Advertising Internet Retail,python sql aws gcp cloud azure,esports borderless fnatic trackable rsquo gamer geospatial analytics gamers
1712867633,Senior Data Scientist,GfK,"London, England, United Kingdom",21.0,29 , Associate , Full-time , Other , Market Research Information Technology and Services Retail,python spark hive hadoop aws cloudera agile tensorflow,petabyte-scale leadwith you'll hortonworks analytics client-facing mentoring parallelization ’ team-oriented gf mllib it's proof-of-concepts theano emr modeling self-starters cross-functional we've
1818656169,Data Scientist,Checkout Technologies,"London, England, United Kingdom",28.0,0, Entry level , Full-time , Engineering Information Technology , Information Technology and Services Computer Software Financial Services,python spark sql hadoop aws gcp cloud azure docker,near-real-time notebooksand ’ transferwise cluster-computing jupyter key-value dask have'experience
1818957345,Senior Data Scientist,Limejump,"London, England, United Kingdom",28.0,0, Associate , Full-time , Other , Information Technology and Services Computer Software Financial Services,python,scientist's development-driven post-grad energiesbusinesses ’ you'll anaward-winningenergy scoping limejump's on-the-fly plant-filled problem-understanding 500mwexperience sustainability-minded analytics kaggle limejump data-intensive
1818047850,Data Analyst,Cobalt,"London, England, United Kingdom",4.0,0, Entry level , Contract , Information Technology , Staffing and Recruiting Financial Services Real Estate,,£ mcook @cobaltrecruitment
1759243885,Data Scientist,Beacon,"London, England, United Kingdom",28.0,39 , Mid-Senior level , Full-time , Engineering Information Technology , Logistics and Supply Chain,python r tableau cloud,py you'll ’ bachelor's – beacon's numpy uber ggplot google matlab
1789302875,Head of Data Science,Colchester United Football Club,"London, England, United Kingdom",28.0,0, Mid-Senior level , Full-time , Other , Nonprofit Organization Management Staffing and Recruiting Hospitality,python sql,companyprovide 5bank you'll roleas anddon £ lookingfor 12proven ’ buildingmachine upload juniordata nearfuture awssalary learningtechniques helpthem toestablish foryou you're 000this towork saferjobs andthey
1774371422,Senior Data Analyst,Frasers Group,"London, England, United Kingdom",28.0,0, Mid-Senior level , Full-time , Information Technology , Retail,sql,mentoring ’ we're multi-brand analytics
1816594099,Graduate Data Analyst,Graduate Launchpad,"London, England, United Kingdom",14.0,0, Entry level , Full-time , Information Technology , Information Technology and Services Computer Software Financial Services,sql,’
1817263836,Data Analyst,BMJ,"London, England, United Kingdom",0.5,0, Associate , Full-time , Information Technology , Publishing,sql,annum £ tashan values-driven bau ’ – weblog websites tchongkan @bmj chong-kan de-duping vbasql 0203 6555508
1821463560,SQL / Python Data Analyst,Maven Securities,"London, England, United Kingdom",1.0,0, Entry level , Full-time , Information Technology , Information Technology and Services Capital Markets Financial Services,python sql,postgre maven there's vbabusiness numpy it's
1807828612,SQL Data Analyst,Zulu Group,"London, England, United Kingdom",14.0,25 , Not Applicable , Contract , Analyst , Information Technology and Services Nonprofit Organization Management Financial Services,python r sql,emailing esri detail-oriented nature-based analytics forest-backed qgis tilia google
1707166086,Data Scientist,MBN Solutions,"London, England, United Kingdom",4.0,0, Mid-Senior level , Full-time , Information Technology Finance , Computer Software,python,£ py ’ industry-leading scikit – nontechnical matlab
1550936670,Principal Data & Applied Scientist Lead,Microsoft,"London, England, United Kingdom",5.0,102 , Not Applicable , Full-time , Other , Computer Hardware Computer Software Information Technology and Services,python cloud azure,cse-fy 20microsoft
1803498490,Data Scientist / Senior Data Scientist,Nested Ltd,"London, England, United Kingdom",14.0,0, Associate , Full-time , Other , Computer Software Internet Financial Services,python sql gcp tensorflow mining,andcollaborative developingprofessionally you'll data-led there's thatyou modelsthroughout brokenprocesses datasolutions marketingspend bestpractices ifthe datascientists analytics foundingteam self-serve isthat aquantitative scientistsautomate motivatesyou andturning europe's commercialopportunities strongunderstanding iteratingfurther andexploration we're advancesecuring amodern andmodelling customer-facingdigital offerbefore yourhands ofself-direction btests thingswhich it's teamsprioritise makethe customer-facing dbt guidedby jupyter interestingproduct andproblems throughdefaulting agiven encourageself-serve performant picking-up demonstrableknowledge you're groundbreaking ofbuying thechallenges digginginto move-the-needle bythe problemspaces datascientist generousoptions chain-free applyafter homemovers cross-functional extremelyclosely deliveringanalytical workingon impactful withstakeholders theselling tosports youhave
1800290297,Senior Data Scientist,Financial Times,"London, England, United Kingdom",14.0,0, Associate , Full-time , Other , Marketing and Advertising Information Technology and Services Financial Services,python r tableau sql agile tensorflow,mentoring homepage ’ svn flexi-days aboutus ‘ standups ggplot rstudio visualizations
1693331059,Senior Data Scientist,Big Cloud,"London, England, United Kingdom",14.0,113 , Mid-Senior level , Full-time , Engineering Consulting , Financial Services Management Consulting,python cloud,100m bigcloud ’ www we're hotjobs presales unsuccessfulapplications
1782515988,Senior Data Scientist,The Green Recruitment Company,"London, England, United Kingdom",14.0,79 , Mid-Senior level , Full-time , Information Technology Science , Utilities Renewables & Environment Oil & Energy,python,scientist's post-grad scoping on-the-fly client's analytics data-intensive responsbilities
1790481193,Data Analyst with Big Data,Nexus,"London, England, United Kingdom",28.0,0, Entry level , Contract , Information Technology , Information Technology and Services Computer Software Financial Services,,mission-driven cutting-edge ’ analytics software-oriented high-caliber modeling
1807490841,"Data Analyst, Climate Action Projects",C40 Cities,"London, England, United Kingdom",14.0,164 , Associate , Contract , Other Consulting Science , Renewables & Environment,,annum £ project-level c40cities vba solutions-oriented ’ team-oriented www ghg http facebook – @c40cities c40 dashboards
1788007861,Data Scientist,Agoda,"London, England, United Kingdom",21.0,45 , Mid-Senior level , Full-time , Information Technology Engineering , Internet,python r scala sql java,privacy-statement cutting-edge careersatagoda deployable washdc ’ hcmc svm blog rnn newyork sanfrancisco – … losangeles https agoda ” “ bkng
1786038306,Data Analyst/ Scientist,Marshmallow,"London, England, United Kingdom",28.0,37 , Entry level , Full-time , Information Technology , Computer Software Internet Financial Services,python r,visualisations you'll adyen 1-3 we're cross-functional self-starter hangouts we've long-way spotify integrations coronavirus cannot monzo modeling google
1764766383,Data Scientist (Fully Remote Contract),IC Resources,"London, England Metropolitan Area",21.0,0, Mid-Senior level , Contract , Engineering Science , Information Technology and Services,python,analytics 3-6
1794498188,Sr. Data Scientist - ML Labs,Amazon Web Services (AWS),"London, England, United Kingdom",14.0,0, Mid-Senior level , Full-time , Other , Computer Software Information Technology and Services Internet,python r aws cloud tensorflow,you'll amazon's amazonai emea evangelize mentoring ’ www never-before-solved terabytes https caffe a950639 theano rnn earth's lstm matlab customer-centric game-changing mxnet sarl
1820320762,Data Analyst,Airfinity Ltd,"London, England, United Kingdom",2.0,0, Entry level , Full-time , Information Technology , Market Research Research Pharmaceuticals,sql,airfinity postgres medtech pharma dashboards
1806819701,Quant Researcher/Data Scientist,TipTopJob,"London, England, United Kingdom",14.0,0, Associate , Full-time , Finance Sales , Marketing and Advertising Staffing and Recruiting Management Consulting,,hedgefund
1818007560,Data Scientist,Green Recruitment Solutions,"London, England, United Kingdom",5.0,0, Entry level , Full-time , Engineering Information Technology , Staffing and Recruiting Oil & Energy Financial Services,python,scientist's post-grad ’ industry-leading on-the-fly problem-understanding kaggle sustainability-minded analytics ‘ data-intensive
1822785714,Data Analyst,CharityJob,"London, England, United Kingdom",0.041666666666666664,0, Entry level , Full-time , Information Technology , Philanthropy Nonprofit Organization Management Fund-Raising,r,website analytics
1792778254,Data Scientist,Syneos Health Consulting,"London, England, United Kingdom",21.0,41 , Associate , Full-time , Consulting Science Other , Management Consulting,python r sql agile,time-management vba uploading heor better-rounded postgre stid ’ industry-leading biopharmaceutical biostatistics syneos results-oriented unsolvable action-oriented patient-level pre-market emr – iut symfony game-changing cross-functional post-market doesn
1691573202,Kdb Data Scientist - Rates + Credit Flow Analytics,Nicoll Curtin,"London, England, United Kingdom",14.0,72 , Director , Full-time , Engineering Information Technology Finance , Financial Services Computer Software Computer & Network Security,python r java,£ ’ 170k kdb 5y self-starter analytics javascript matlab
1801447088,Lead Data Scientist,ComplyAdvantage,"London, England, United Kingdom",14.0,0, Associate , Full-time , Other , Information Technology and Services Computer Software Financial Services,python r spark hadoop etl agile mining,kaizen you'll sucessfully data-oriented nosql scikit s-based we're game-changing 35m unrivaled glassdoor mvp analytics mongodb it's anti-money
1808556369,Senior Data Scientist,Newton Europe,"London, England, United Kingdom",7.0,72 , Director , Full-time , Consulting , Management Consulting,python r qlik tableau sql,mentoring ’ 6pm bluechips spotfire analytics client-facing
1810016453,Machine Learning Engineer,PangaeaData.AI,"London, England, United Kingdom",5.0,108 , Mid-Senior level , Full-time , Information Technology Product Management Project Management , Biotechnology Computer Software Information Technology and Services,python r java mining,iclr py kdd cutting-edge you'll ’ cvpr www internships icml pangaeadata bioinformatics 2-3 neura ptoallocations @pangaeadata
1816521957,Senior Data Analyst,H-ART ,"London, England, United Kingdom",5.0,0, Associate , Full-time , Information Technology , Marketing and Advertising Design Financial Services,python r tableau sql crm,hypothesis-driven ’ 3rdparty akqa facebook roadmaps – websites characteristicsproactive usabilia analytics instagram data-first ftcwithin datorama google dashboards
1821089529,Junior Data Analyst,Sparta Global,"London, England, United Kingdom",1.0,0, Associate , Full-time , Information Technology , Information Technology and Services Computer Software Financial Services,python tableau,world's analytics client's
1820206739,Senior Data Analyst,Sagacity,"London, England, United Kingdom",2.0,0, Associate , Full-time , Information Technology , Information Technology and Services Management Consulting Financial Services,qlik tableau sql agile,decisionmaking alevels selfstarting deliverables adhoc teamso highpressure nontechnical telcoms nonfinancial databaseso
1766883023,Senior Data Scientist/Analyst,Springer Nature,"London, England, United Kingdom",21.0,29 , Mid-Senior level , Full-time , Information Technology , Publishing,python r tableau sql,datastudio ’ website quasi-experiments unobvious websites analytics visualizations dashboards
1806320511,Head of Data Science - UK Consultancy,Ultimate Asset,"London, England, United Kingdom",7.0,109 , Director , Full-time , Marketing Management Analyst , Marketing and Advertising Computer Software Information Technology and Services,python r spark sql aws cloud azure,postgre you're dataiku databricks analytics google uk's
1783076456,Reporting and Data Analyst,BNP Paribas,"London, England, United Kingdom",28.0,99 , Entry level , Full-time , Information Technology , Information Technology and Services Human Resources Financial Services,crm,sme adhoc buy-side – nsb sell-side gb-eng-london transversal analysiseducation
1796184105,Data Scientist - London - DOE £45k,Explore Learning,"London, England, United Kingdom",21.0,0, Entry level , Full-time , Engineering Information Technology , Computer Software Internet Staffing and Recruiting,python r,£ adeoshun seniority's company's data-sets 45k @exploreltd
1812845091,Senior Data Scientist | London | Competitive Salary,Revolution Technology,"London, England, United Kingdom",21.0,0, Associate , Full-time , Other , Information Technology and Services Computer Software Internet,python r scala hadoop,equivalentin £ ’ andcanteen modelproduct mightbe toimplement 000location @revolutiontechnology edgetechnology – awscurrently sanha thebusinesses teamworking orbusiness feelfree analystsand awsbenefits correlationsand
1818856029,Data Analyst,WeSwap.com,"London, England, United Kingdom",3.0,0, Entry level , Full-time , Information Technology , Internet Banking Financial Services,python r qlik tableau scala hive sql kafka hadoop aws,tdd quicksight visualisations andimplementdatabases sisense dau github jupyter kaggle analytics productionise rshiny javascript 4x
1814253493,Data Analyst,KAA Design Group,"London, England, United Kingdom",7.0,0, Entry level , Part-time , Information Technology , Primary/Secondary Education Higher Education Education Management,,20th 5pm emails ’
1788686944,Advanced Analytics & Data Science Manager,Chubb,"London, England, United Kingdom",28.0,56 , Mid-Senior level , Full-time , General Business Information Technology Project Management , Financial Services Information Technology and Services Insurance,,mentoring cutting-edge trainings ’ data-led workflows analytics
1818471068,Senior Data Scientist,Our Graduates,"London, England, United Kingdom",3.0,0, Associate , Full-time , Other , Marketing and Advertising Staffing and Recruiting Financial Services,python hive tensorflow keras,jobtagged scikit-learn self-starter analytics women-led ’ https “ ” cutting-edge 2020about – ongoings thebeehive non-binary productionalised accountabilitiesdeliver transgender numpy impactful google
1782724368,Data Scientist,Granite IT Recruitment,"London, England, United Kingdom",28.0,0, Entry level , Full-time , Engineering Information Technology , Information Technology and Services Computer Software Staffing and Recruiting,python r sql sklearn,scoping scikit tasking cybercrime modeling
1781708273,Data Analyst,Guru Careers,"London, England, United Kingdom",28.0,0, Entry level , Full-time , Information Technology , Marketing and Advertising Computer Software Staffing and Recruiting,python r sql etl,groundbreaking bachelor's multi-award-winning … workflows analytics self-serve google
1820090039,ESG Data Analyst,Leverton Search,"London, England, United Kingdom",2.0,0, Entry level , Full-time , Information Technology , Marketing and Advertising Financial Services Investment Management,,esg
1802269191,Data Scientist,Athena Resourcing Solutions,"London, England, United Kingdom",14.0,0, Entry level , Full-time , Engineering Information Technology , Construction Marketing and Advertising Staffing and Recruiting,r hive sql hadoop cloud mining,webpages ’ url rvest emails – … analytics spssexperience data-sets grad web-scraping xml “ ”
1781884575,Data Scientist,Athena Resourcing Solutions,"London, England, United Kingdom",14.0,0, Entry level , Full-time , Engineering Information Technology , Construction Marketing and Advertising Staffing and Recruiting,r hive sql hadoop cloud mining,webpages ’ url rvest emails – … analytics spssexperience data-sets grad web-scraping xml “ ”
1753477156,Data Scientist,PA Consulting,"London, England, United Kingdom",14.0,129 , Entry level , Full-time , Engineering Information Technology , Automotive Staffing and Recruiting Management Consulting,cloud,’ skillsets positive-human technology-driven we're performance-based – breakthrough-technologies analytics blogosphere promotor pabenefits
1821588722,Data Scientist,Digital Vision Search,"London, England, United Kingdom",5.0,0, Entry level , Full-time , Engineering Information Technology , Information Technology and Services Computer Software Internet,python,you're £ you'll ’ 000an it's
1805495635,Data Scientist,ISL,"London, England, United Kingdom",14.0,0, Entry level , Full-time , Engineering Information Technology , Information Technology and Services Computer Software Staffing and Recruiting,python aws b2b,loui isl 85k analytics isluk
1781861987,Data Engineer / Data Science,Movement8,"London, England Metropolitan Area",14.0,0, Associate , Full-time , Information Technology , Computer Software Information Technology and Services Information Services,python,£ ’ isn analytics lockdown 40-45
1730886275,Senior Data Scientist - Relocation to Dublin,Alldus,"London, England, United Kingdom",28.0,44 , Mid-Senior level , Full-time , Information Technology Engineering , Staffing and Recruiting Information Technology and Services Computer Software,python r,productionising high-achieving production-ready thnaks
1815188010,Data Scientist,EllisKnight International Recruitment,"London, England, United Kingdom",6.0,0, Entry level , Full-time , Engineering Information Technology , Automotive Staffing and Recruiting Financial Services,python r sql tensorflow keras,domain-relevant you'll internships scikit-learn jupyter 2-3 analytics numpy visualizations
1807941513,Lead Data Scientist,Jobs via eFinancialCareers,"London, England, United Kingdom",7.0,0, Associate , Full-time , Information Technology , Information Technology and Services Computer Software Management Consulting,python r tableau sql,you're doesn't lipper you'll who's we're workflows rshiny analytics morningstar we've alteryx uk's dashboards
1821934023,Graduate Data Analyst,CityGrad,"London, England, United Kingdom",7.0,0, Entry level , Full-time , Information Technology , Banking Financial Services Accounting,agile,world's that's uk's
1795088868,Data Analyst,Harrison Holgate,"London, England, United Kingdom",21.0,28 , Entry level , Full-time , Information Technology , Staffing and Recruiting Insurance Financial Services,python r sql,toolsets numpy scale-up insur
1791983227,"Python Engineer (Python, Data Science, SQL, NumPy, Pandas)",Mosaic Smart Data,"London, England, United Kingdom",21.0,131 , Mid-Senior level , Full-time , Engineering Information Technology Finance , Financial Services,python sql kafka java agile docker,py tddactive responsibilitieswork ’ industry-enabling msx cloud-based dev-ops analytics ansible ® awslearning skillset
1770398681,Investment Data Analyst,Vanguard,"London, England, United Kingdom",21.0,42 , Mid-Senior level , Full-time , Research Analyst , Financial Services,sql,img-wide vba leverages client's workflows analyzes
1818754159,Data Scientist,New IT,"London, England, United Kingdom",28.0,0, Entry level , Full-time , Engineering Information Technology , Information Technology and Services Computer Software Financial Services,python r scala apis aws java gcp cloud azure agile mining,expeirence analytics rullion
1799460815,Data Scientist (Revenue & Supply Chain analytics),Cerebro,"London, England, United Kingdom",21.0,0, Entry level , Full-time , Engineering Information Technology , Food & Beverages Food Production Staffing and Recruiting,python r,largelyon clientspredominantly arelated withengagements involvedin andto 2-4 severalother withpartners analytics cto analyticsprojects andcommonly throughnot
1789346152,Data Analyst,Twyford,"London, England, United Kingdom",28.0,0, Entry level , Full-time , Information Technology , Primary/Secondary Education Higher Education Education Management,,£ ict term-time-only 2020interview ’ day-to-dayinformation otherschools 23rd 27th includerecording andaccurately – excellentdata anexcellent andthe interpersonalskills 9pp seekingto 18-20
1806095186,Data Scientist - Contract,P3 Search & Selection,"London, England, United Kingdom",14.0,0, Entry level , Contract , Engineering Information Technology , Information Technology and Services Staffing and Recruiting Financial Services,python r,visualizations analytics advis skillset
1816505293,Head of Data Science,DataScope Systems,"London, England, United Kingdom",5.0,0, Mid-Senior level , Full-time , Other , Computer Software Staffing and Recruiting Computer Games,python,youn £ cutting-edge 020 7580 sqln ’ 80k mahyar @datascope monetization – 5th analysisn softwaren 70k downloads
1821216653,Product/Data Analyst,Pulselive,"London, England, United Kingdom",7.0,0, Entry level , Full-time , Information Technology , Sports Computer Software Internet,,you're pulselive you'll pulselive's website that's you've kpis we're cross-functional » women's analytics ipl creatives impactful league's it's dashboards
1790379134,Senior Data Scientist,Intelligent Media,"London, England, United Kingdom",21.0,0, Associate , Full-time , Other , Computer Software Internet Financial Services,python,sqlexperience
1820347739,Data Analyst - Contract,Premier Group,"London, England, United Kingdom",2.0,0, Associate , Contract , Information Technology , Information Technology and Services Mechanical or Industrial Engineering Staffing and Recruiting,python r sql,£ krufus 0207 247 5747 @premierituk analytics
1757831931,Reporting and Data Analyst,BNP Paribas Securities Services,"London, England, United Kingdom",28.0,0, Not Applicable , Full-time , Information Technology , Banking Financial Services,crm,sme adhoc buy-side – nsb sell-side gb-eng-london transversal analysiseducation
1818098109,Data Science Degree Apprenticeship 2020,BBC,"London, England, United Kingdom",4.0,25 , Internship , Full-time , Engineering Information Technology , Marketing and Advertising Information Technology and Services Computer Software,,aaaa mentoring non-production we'll you'll www bachelor's ’ bbbb bbcattached we're – work-life aab non-technicalpeople https coronavirus bbcwe individual's
1818921391,Data Scientist Alteryx Tableau,TalentSpa,"London, England, United Kingdom",3.0,0, Entry level , Full-time , Engineering Information Technology , Construction Staffing and Recruiting Financial Services,python r tableau sql hadoop aws agile,mathematic visualisations workflows analytics alteryx 893656start 625pd dashboards
1787044113,DATA ANALYST,OCS Worldwide UK,"London, England, United Kingdom",28.0,0, Entry level , Full-time , Information Technology , Marketing and Advertising Information Technology and Services Staffing and Recruiting,python r sql etl,groundbreaking bachelor's multi-award-winning … workflows analytics self-serve google
1806093705,Data Analyst - Customer,Utility Warehouse,"London, England, United Kingdom",28.0,0, Entry level , Full-time , Information Technology , Staffing and Recruiting Telecommunications Financial Services,python sql aws gcp cloud agile,pre-dominate ’ curating we're self-starter analytics self-serve tech-led
1818959480,Data Analyst,CPR,"London, England, United Kingdom",28.0,0, Entry level , Full-time , Information Technology , Construction Civil Engineering Government Administration,,web-based cathe
1794468386,Quantitative Researcher (Data Science/Machine Learning/Mathematical Modelling),G-Research,"London, England, United Kingdom",14.0,0, Mid-Senior level , Full-time , Finance Research , Financial Services Information Technology and Services,,world's g-research
1792295690,Data Analyst,"S3-Associates, LLC","London, England, United Kingdom",21.0,0, Entry level , Full-time , Information Technology , Marketing and Advertising Computer Software Financial Services,tableau,£ ’ sqlunderstanding data-focused impactful cross-functionally dashboards
1818616200,Data Analyst - London,bct resourcing,"London, England, United Kingdom",3.0,0, Entry level , Full-time , Information Technology , Information Technology and Services Staffing and Recruiting Financial Services,sql,1-2 dashboards
1818623601,Data Analyst - London,BCT RESOURCING,"London, England, United Kingdom",5.0,0, Entry level , Full-time , Information Technology , Information Technology and Services Staffing and Recruiting Financial Services,sql,1-2 dashboards
1818615667,Exploratory Data Analyst / Python,Concirrus,"London, England, United Kingdom",14.0,0, Entry level , Full-time , Information Technology , Information Technology and Services Computer Software Internet,python r spark hadoop,concirrus toolsets sqladvanced plotly programmatically ’ scale-up matplotlib shouldn seaborn – we'd analytics numpy ‘
1805768493,Principal Data Scientist – PRA Data Innovation - Closes 9 April,Bank of England,"London, England, United Kingdom",7.0,26 , Associate , Full-time , Other Information Technology , Banking Financial Services,python r tableau spark sql agile,area's £ cutting-edge 1/95 anonymise ’ pradi post-holder analytics pro-actively staff-related impactful 1/120 1/50 modeling uk's
1793222750,"Data Science Consultants - Artificial Intelligence - London, PWC",Guardian Jobs,"London, England, United Kingdom",6.0,0, Associate , Full-time , Information Technology , Sports Education Management Insurance,tableau sql aws gcp cloud azure agile,pwc cwe vba self-starters pwcbackground ’ website www we're analytics alteryx ‘
1820247884,Data Analyst,Davies Group,"London, England, United Kingdom",2.0,0, Entry level , Full-time , Information Technology , Staffing and Recruiting Insurance Financial Services,tableau,rsquo www scoping ldquo websites embergroup multitask analytics https rdquo xml dashboards
1811463890,Data & Analytics opportunities,Atwood Tate,"London, England, United Kingdom",7.0,0, Entry level , Contract , Information Technology , Online Media Publishing Staffing and Recruiting,,website covid coronavirus analytics 0203 574 4426 @atwoodtate karinenicpon
1812507145,Business Insights & Data Analyst,Takeda,"London, England, United Kingdom",4.0,58 , Associate , Full-time , Information Technology , Pharmaceuticals,r crm,trainings analytics values-led cegedim takedajobs gbr ’ 3rd functionalities innovation-driven non-it patient-focused iqvia ” “ in-market dashboards takeda kpis – ex-factory biability ‘ d-driven pmea
1818012007,Lead Data Scientist,Ve Global,"London, England, United Kingdom",4.0,0, Associate , Full-time , Other , Marketing and Advertising Information Technology and Services Computer Networking,r spark kafka cloud azure agile,elasticsearch oozie ’ www website jupyter analytics https creatives productionize hbase 3-5 evangelize
1805501592,Data Scientist - Tableau,Intega IT,"London, England, United Kingdom",28.0,0, Entry level , Full-time , Engineering Information Technology , Information Technology and Services Computer Software Financial Services,python tableau spark sql hadoop aws gcp tensorflow,fintech companycreating you'll fortraining scikit-learn analytics postgre team's ’ website containingauto-generated in-memory we're analyticalthinking newsle yourapplication nlg toextract sqldatabase start-upuncertainty scienceapplications growthphase assuch excitingadventure witha
1818049477,Business Data Analyst,Lifeways Group,"London, England, United Kingdom",4.0,0, Associate , Full-time , Information Technology , Nonprofit Organization Management Staffing and Recruiting Hospital & Health Care,crm,zoho integra ’ timeline lifeways lifeway self-starter cqc sil lwgho ciw
1789117611,NLP Senior Data Scientist,Morgan McKinley,"London, England, United Kingdom",28.0,0, Associate , Full-time , Other , Information Technology and Services Staffing and Recruiting Financial Services,python,kcouldridge solsutions proficent analytics productionise @morganmckinley 020 7092 it's kinley
1818738411,Data Scientist on England,Cleo AI - we’re washing our hands 🤝,"London, England, United Kingdom",3.0,0, Entry level , Full-time , Engineering Information Technology , Marketing and Advertising Internet Financial Services,python aws,10m lovefilm 100m recommender everyones transferwise sagemaker youll glassdoor zoopla weve skype standout productionising startups
1808525620,Senior Data Scientist,Maclay Murray & Spens LLP,"London, England, United Kingdom",28.0,0, Associate , Full-time , Other , Research Biotechnology Pharmaceuticals,r java,deliverables www mmsholdings ’ svg cro wiliness data-focused mms pre-discovery d3moderate master's visualizations cros r-shiny dashboards
1716011169,Data Analyst - eDiscovery,KLDiscovery,"London, England, United Kingdom",28.0,176 , Associate , Full-time , Information Technology Legal , Information Technology and Services,,kldiscovery anlayst 2pm lucene 6pm end-clients 11pm 9am – techincal · problem-solve deactivating troubleshoot stream-lining
1772331591,Senior Data Analyst - HomeServeNow,HomeServe,"London, England, United Kingdom",3.0,0, Mid-Senior level , Full-time , Research Information Technology Analyst , Consumer Services Computer Software Information Technology and Services,python tableau sql aws,py postgres data-informed plotly ’ jupyter we're analytics matplotlib performant dashboards
1794457222,Senior Data Analyst,FullStack London,"London, England, United Kingdom",14.0,101 , Mid-Senior level , Full-time , Information Technology , Design Computer Software Internet,python r tableau sql crm,you're analystup £ 3rd ’ roadmaps websites 60k analyticstools usabilia analytics hootsuite – google dashboards
1515172960,Data Scientist Financial Services - Customer Success,Symphony AyasdiAI,"London, England, United Kingdom",14.0,36 , Mid-Senior level , Full-time , Sales Engineering , Information Technology and Services Computer Software Financial Services,python,ayasdi cutting-edge sme ’ scikit-learn production-quality ” “
1737435464,Head of Data Science,Tessian,"London, England, United Kingdom",28.0,72 , Director , Full-time , Engineering Information Technology , Information Technology and Services Computer & Network Security Computer Software,spark docker,we'll you'll résumés accel cfo dnareads crowdstrike ’ non-senior ctoset we're we'd tessian https spotify campaign's 20as zinkevich e-commerce hls cdn blog … tessians startups you're 20tessianeer hubfs hubspot work-remote impactful 20a stackoverflow
1821898626,Graduate Sustainability Data Analyst,Penguin,"London, England, United Kingdom",3.0,0, Entry level , Full-time , Information Technology , Construction Civil Engineering Staffing and Recruiting,python kpi,@penguinrecruitment ’ cloud-based – bioregional matlab sb1039salary
1811165961,Data Analyst,SamKnows,"London, England, United Kingdom",28.0,0, Entry level , Full-time , Information Technology , Information Technology and Services Computer Software Internet,r sql mining,visualisations ’ netflix isn analytics gamers fortnite
1820343465,Graduate Data Analyst,The City Grad,"London, England, United Kingdom",2.0,0, Entry level , Full-time , Information Technology , Staffing and Recruiting Banking Financial Services,agile,
1704833404,Senior Data Scientist,Tapjoy,"London, England, United Kingdom",14.0,35 , Associate , Full-time , Other , Marketing and Advertising Computer Software Internet,python r scala spark sql java tensorflow mining,📱 ⚙ 📝 rtb 📈 ’ ctr www test-driven ️ tapjoy ⚡ svm k-means
1818839721,Research Offier in Data Science and the Care System,"European Institute, London School of Economics and Political Science","London, England, United Kingdom",3.0,0, Entry level , Full-time , Engineering Information Technology , Nonprofit Organization Management Higher Education Education Management,mining,www cpec lsejobs
1816572808,Data Scientist (9 month FTC),FT Consulting,"London, England, United Kingdom",5.0,0, Entry level , Contract , Engineering Information Technology , Marketing and Advertising Information Technology and Services Financial Services,r sql cloud tensorflow keras,’ website aboutus google
1808324045,Senior Data Scientist,Gillian Kenny Associates,"London, England, United Kingdom",7.0,0, Associate , Full-time , Other ," Computer Software Internet Leisure, Travel & Tourism",python r sql tensorflow,xgboost ’ scale-up scikit-learn ecommerce … cannot open-source
1818779961,Data Scientist,Cardiff University / Prifysgol Caerdydd,"London, England, United Kingdom",3.0,0, Entry level , Full-time , Engineering Information Technology , Higher Education Research Hospital & Health Care,,accelrate wefo annum colesb
1803635018,Data Analyst,EMR | Specialist in Marketing Recruitment,"London, England, United Kingdom",14.0,0, Entry level , Full-time , Information Technology , Marketing and Advertising Staffing and Recruiting Financial Services,agile,metadata localising jira ecommerce 2-3 data-based
1821885760,Data Scientist / Logistics Optimisation Analyst,Allianz Worldwide Partners ,"London, England, United Kingdom",28.0,0, Entry level , Full-time , Engineering Information Technology , Automotive Insurance Financial Services,python r,company's optimisations
1818786390,BI Big Data Developer,Perkbox,"London, England, United Kingdom",3.0,0, Entry level , Full-time , Engineering Information Technology , Marketing and Advertising Computer Software Internet,python tableau spark sql aws etl,perkbox analytics
1802928633,Junior Analyst Data Science,Mastercard Data & Services,"London, England, United Kingdom",28.0,39 , Entry level , Temporary , Engineering Information Technology , Information Technology and Services Computer Software Financial Services,python r sql apis agile,world's devops www @mastercard datascience in-memory mvp codebase https ®
1801120119,ETF Data Analyst,ETFGI,"London, England, United Kingdom",14.0,0, Entry level , Full-time , Information Technology , Marketing and Advertising Online Media Financial Services,,fuhr vba etps ’ analysethem ofexecuting detail-oriented client-focused etfgi etfs etf
1820247995,Data Analyst,JobisJob - Job Market Insights,"London, England, United Kingdom",2.0,0, Entry level , Full-time , Information Technology , Marketing and Advertising Internet Insurance,python r sql cloud etl,analyticss vba analytics knowedge endtoend ssis matleb ssas nostandardised dashboards
1821966437,"Data Analyst, Disclosure Transition Evolution",CDP,"London, England, United Kingdom",2.0,0, Entry level , Full-time , Information Technology , Nonprofit Organization Management Computer Software Financial Services,python sql azure,dc-ev emailing devops ’ deliverables ssms multi-stakeholder – ssis t-sql impactful climate-related ” “ disclosers
1818740662,Data Analyst,Massenhove Recruitment Limited,"London, England, United Kingdom",3.0,0, Entry level , Full-time , Information Technology , Staffing and Recruiting Insurance Financial Services,python r tableau sql,1st requiredour analytics vbagood
1782455830,Real World Data Scientist - Consultant - London - 40-60k,Evidencia Scientific Search and Selection Limited,"London, England, United Kingdom",28.0,0, Entry level , Full-time , Engineering Information Technology , Research Management Consulting Pharmaceuticals,,’ managementof www growingteam totaljobs /8 60k realworld heor pricingand
1819047250,Data Analyst,Kensington Aldridge Academy,"London, England, United Kingdom",3.0,0, Entry level , Part-time , Information Technology , Primary/Secondary Education Higher Education Education Management,,5pm ’ kaawith emails @kaa 20th
1813539569,Data Scientist,RAIL SAFETY AND STANDARDS BOARD LIMITED,"London, England, United Kingdom",7.0,0, Entry level , Full-time , Engineering Information Technology , Marketing and Advertising Information Technology and Services Financial Services,python r sql agile,machine-driven mentoring visualisations deliverables ’ self-initiate user-focussed analytics rssb
1818032089,Snr Data Scientist - Director level - Salary on application,North Starr,"London, England, United Kingdom",4.0,0, Associate , Full-time , Other , Information Technology and Services Computer Software Staffing and Recruiting,python r agile,annum £ @harringtonstarr bens dsdbank math's 20_1584629390startdate on-boarding productionize pro-actively
1820316041,Position Closed CustomerFacing Data Scientist,Mudano,"London, England, United Kingdom",2.0,0, Entry level , Full-time , Engineering Information Technology , Information Technology and Services Computer Software Internet,python r sql agile mining,handson mentoring ndash transitioned rsquo maturely 85k linux sharktower uber scikitlearn
1645809934,Management Consultant - Data Science,Capgemini Invent,"London, England, United Kingdom",14.0,176 , Associate , Full-time , Consulting Project Management , Management Consulting,python r qlik tableau sql gcp azure etl,accreditations recommender best-in-class ’ you'll – productionising meet-ups analytics · capgemini
1818842413,Data Analytics Scientist KTP Associate,Aston University,"London, England, United Kingdom",3.0,0, Entry level , Full-time , Engineering Information Technology , Higher Education Education Management Research,r,ashl arcus www herzallah ktp arcusfm analytics https 0121 204 3674 randa
1782378014,Data Analyst/Senior Data Analyst (elements of data science),Ntrinsic Consulting ,"London, England, United Kingdom",28.0,0, Associate , Full-time , Information Technology , Information Technology and Services Computer Software Staffing and Recruiting,r tableau sql mining,cprd clietnt-facing
1785143610,Lead Data Scientist Urgent,"Global Technology Solutions Group, Inc.","London, England, United Kingdom",28.0,0, Associate , Contract , Other , Information Technology and Services Computer Software Staffing and Recruiting,python r,deployable www gts timelines technologysolutions itservices
1816546752,DATA ANALYST (GOOGLE ANALYTICS SPECIALIST),Found.,"London, England, United Kingdom",14.0,0, Entry level , Full-time , Information Technology , Marketing and Advertising Online Media Internet,apis,rolefound implementthis javascript ’ analyticscertified debug workclosely datacollection seo helpclients analytics intothe drivesuccessful gtm google
1817520017,Senior Data Analyst,Vonage,"London, England, United Kingdom",4.0,0, Associate , Full-time , Information Technology , Information Technology and Services Computer Software Internet,qlik tableau sql apis cloud agile,sdks analytics snapchat 100b ’ ” “ viber startup-like tik airbnb … dwh vonage mid-sized customer-centric cpaa meetups self-serve google
1811021054,Data Science Assistant,DigitalMR,"London, England, United Kingdom",7.0,0, Entry level , Full-time , Other , Information Technology and Services Computer Software Internet,python r sql hadoop java mining,ukinternship 3-6 analysisfamiliarity ’ includebackground advantageexperience teamworkskills skillsknowledge theintegration advantagepositive matlab mrcompanyvalues asother
1805942961,Data Scientist,ISL Recruitment,"London, England, United Kingdom",14.0,0, Entry level , Full-time , Engineering Information Technology , Information Technology and Services Computer Software Staffing and Recruiting,b2b,£ loui awspython – isl analytics isluk 65-85
1782729490,Data Scientist,Frank Recruitment Group,"London, England, United Kingdom",28.0,0, Entry level , Contract , Engineering Information Technology , Information Technology and Services Computer Software Internet,,horeca
1818856004,Data Analyst on England,GRAYCE,"London, England, United Kingdom",3.0,0, Entry level , Full-time , Information Technology , Staffing and Recruiting Management Consulting Financial Services,,aren ndash rsquo cybersecurity clientshere grayce mentorship graycehere
1820202751,Interim Data Scientist 6 Month Contract,microTECH Global LTD,"London, England, United Kingdom",2.0,0, Entry level , Temporary , Engineering Information Technology , Electrical/Electronic Manufacturing Information Technology and Services Computer Software,python r sql apis mongo,py customerfacing samsungs
1810055460,Data Scientist - FinTech,Data Idols,"London, England, United Kingdom",5.0,0, Mid-Senior level , Full-time , Analyst Information Technology Other , Information Technology and Services Financial Services,python r sql,fintech productionising matlab
1818937673,Senior Data Scientist - Specialist Consultancy - Remote Working,EDGE Tech Corp.,"London, England, United Kingdom",28.0,0, Associate , Full-time , Other , Information Technology and Services Computer Software Financial Services,,£ 100k 5-10 that's work-life 70k person's
1741527930,Senior Data Scientist (NLP),Peakon,"London, England, United Kingdom",5.0,27 , Associate , Full-time , Other , Marketing and Advertising Computer Software Internet,python aws agile tensorflow,peakon ’ self-organising detail-oriented – analytics proof-of-concept
1789814521,Data Analyst,AXIS Capital,"London, England, United Kingdom",7.0,29 , Entry level , Full-time , Information Technology , Information Technology and Services Insurance Financial Services,tableau,2yrs sqlother ’ adhoc bibeginners – jobholder
1646103719,Research Engineer - Artificial Intelligence,Bloomberg LP,"London, England, United Kingdom",28.0,0, Not Applicable , Full-time , Engineering Information Technology , Financial Services Information Services Information Technology and Services,python spark hadoop java docker,kdd kubernetes we'll you'll data-science-teams master's team's emnlp seehttps www sigir we'd aaai https it's customer-facing recommender blog icml d4gx summarisation pricings aren't top-tier andhttps production-quality bloomberg's techatbloomberg summarization
1816360739,Data Analyst,Real Staffing,"London, England, United Kingdom",5.0,39 , Entry level , Full-time , Information Technology , Staffing and Recruiting Hospital & Health Care Pharmaceuticals,sql,£ sthree www 1st ec4n 7be analytics realstaffing ir35 oc387148
1813932819,Data Scientist - Deeptech PhD or Post doc,Jobheron,"London, England, United Kingdom",7.0,0, Entry level , Full-time , Engineering Information Technology , Marketing and Advertising Staffing and Recruiting Financial Services,python agile,work-from-home mission-driven cutting-edge what's deeptech high-achieving work-life msci
1818908339,Junior Data Analyst Statistician Central London 28 000 35 000,The Executive Resource Group,"London, England, United Kingdom",3.0,0, Associate , Full-time , Information Technology , Information Technology and Services Computer Software Staffing and Recruiting,r,000data dataled
1788381864,Senior Data Scientist - London,Deep Blue Recruitment,"London, England, United Kingdom",7.0,0, Associate , Full-time , Information Technology , Human Resources,python r scala sql,postgres pre-sales hdfs dashboards
